title,authors,nom,prenom,rank_author,year,sex,first_author_sex
#AIDS Analyse Information Dangers Sexualité : caractériser les discours à propos du VIH dans les forums de santé.,"['Arnaud Sallaberry', 'Céline Paganelli', 'Erick Cuenca', 'Jérôme Azé', 'Pascal Poncelet', 'Sandra Bringay', 'Yves Mercadier']","['Sallaberry', 'Paganelli', 'Cuenca', 'Azé', 'Poncelet', 'Bringay', 'Mercadier']","['Arnaud', 'Celine', 'Erick', 'Jerome', 'Pascal', 'Sandra', 'Yves']","[8, 6, 5, 2, 7, 3, 1]","['2018', '2018', '2018', '2018', '2018', '2018', '2018']","['Male', 'Female', 'Male', 'Male', 'Male', 'Female', 'Male']","[nan, nan, nan, nan, nan, nan, 'Male']"
A quoi servent les ontologies fondationnelles ?,"['Audrey Baneyx', 'Jean Charlet', 'Xavier Aimé']","['Baneyx', 'Charlet', 'Aimé']","['Audrey', 'Jean', 'Xavier']","[2, 4, 3]","['2012', '2012', '2012']","['Female', 'Male', 'Male']","[nan, nan, nan]"
ADEL : une méthode adaptative de désambiguïsation d'entités nommées.,"['Giuseppe Rizzo 0002', 'Julien Plu', 'Raphaël Troncy']","['Rizzo', 'Plu', 'Troncy']","['Giuseppe', 'Julien', 'Raphael']","[3, 1, 2]","['2017', '2017', '2017']","['Male', 'Male', 'Male']","[nan, 'Male', nan]"
Acquisition de connaissances perceptives pour un agent assistant.,"['David Leray', 'Jean-Paul Sansonnet']","['Leray', 'Sansonnet']","['David', 'Jean-Paul']","[1, 2]","['2007', '2007']","['Male', 'Male']","['Male', nan]"
Acquisition de connaissances pour importer des traces existantes dans un système de gestion de bases de traces.,"['Mohamed Besnaci', 'Nathalie Guin', 'Pierre-Antoine Champin']","['Besnaci', 'Guin', 'Champin']","['Mohamed', 'Nathalie', 'Pierre-Antoine']","[1, 2, 3]","['2015', '2015', '2015']","['Male', 'Female', 'Male']","['Male', nan, nan]"
Adaptation consistante d'ontologies à l'aide des grammaires de graphes.,"['Laurent Thiry', 'Michel Hassenforder']","['Thiry', 'Hassenforder']","['Laurent', 'Michel']","[2, 4]","['2013', '2013']","['Male', 'Male']","[nan, nan]"
Adnosco : gérez les données que vous diffusez !,"['Emmanuel Gaude', 'Nadia Bennani', 'Philippe Lamarre']","['Gaude', 'Bennani', 'Lamarre']","['Emmanuel', 'Nadia', 'Philippe']","[2, 1, 4]","['2014', '2014', '2014']","['Male', 'Female', 'Male']","[nan, 'Female', nan]"
Agrégation pour la réparation de liens.,['Léa Guizol'],['Guizol'],['Lea'],[1],['2014'],['Female'],['Female']
Aide à la création d'objets dans une base RDF(S) avec des règles de relaxation.,"['Mireille Ducassé', 'Sébastien Ferré']","['Ducassé', 'Ferré']","['Mireille', 'Sebastien']","[3, 2]","['2012', '2012']","['Female', 'Male']","[nan, nan]"
Aide à la rédaction de documents réglementaires dans le domaine du bâtiment.,"['Bruno Fiés', 'Catherine Faron-Zucker', 'Khalil Riad Bouzidi', 'Nhan Le Thanh', 'Olivier Corby']","['Fiés', 'Faron-Zucker', 'Riad', 'Le', 'Corby']","['Bruno', 'Catherine', 'Khalil', 'Nhan', 'Olivier']","[3, 2, 1, 5, 4]","['2012', '2012', '2012', '2012', '2012']","['Male', 'Female', 'Male', 'Male', 'Male']","[nan, nan, 'Male', nan, nan]"
Alignement entre ontologie de domaine et la Snomed: trois études de cas.,"['Jean Charlet', 'Laurent Mazuel']","['Charlet', 'Mazuel']","['Jean', 'Laurent']","[2, 1]","['2009', '2009']","['Male', 'Male']","[nan, 'Male']"
Analyse Sémantique des Réseaux Sociaux d'Usages et d'Opinions.,"['Christophe Thovex', 'Francky Trichet']","['Thovex', 'Trichet']","['Christophe', 'Francky']","[2, 1]","['2013', '2013']","['Male', 'Male']","[nan, 'Male']"
Analyse et structuration automatique des guides de bonnes pratiques cliniques : essai d'évaluation.,"['Catherine Duclos', 'Thierry Poibeau']","['Duclos', 'Poibeau']","['Catherine', 'Thierry']","[2, 3]","['2008', '2008']","['Female', 'Male']","[nan, nan]"
Annotation formelle graphique de documents multimédia.,"['Alain Gutierrez', 'Michel Chein', 'Michel Leclère', 'Nicolas Moreau']","['Gutierrez', 'Chein', 'Leclère', 'Moreau']","['Alain', 'Michel', 'Michel', 'Nicolas']","[4, 3, 2, 1]","['2007', '2007', '2007', '2007']","['Male', 'Male', 'Male', 'Male']","[nan, nan, nan, 'Male']"
Annotation sémantique par classification.,"['Sylvain Tenier', 'Yannick Toussaint']","['Tenier', 'Toussaint']","['Sylvain', 'Yannick']","[2, 1]","['2007', '2007']","['Male', 'Male']","[nan, 'Male']"
Annotation sémantique pour une interrogation experte des Bulletins de Santé du Végétal.,['Catherine Roussey'],['Roussey'],['Catherine'],[1],['2018'],['Female'],['Female']
Anti-patrons partiels pour l'identification des problèmes de contradiction sociale dans une ontologie.,['Mounira Harzallah'],['Harzallah'],['Mounira'],[1],['2016'],['Female'],['Female']
Apports de la modélisation algébrique pour la représentation de connaissances par objets : illustration en AROM.,"['Cécile Capponi', 'Danielle Ziébelin', 'Jérôme Gensel', 'Philippe Genoud']","['Capponi', 'Ziébelin', 'Gensel', 'Genoud']","['Cecile', 'Danielle', 'Jerome', 'Philippe']","[5, 3, 4, 2]","['2006', '2006', '2006', '2006']","['Female', 'Male', 'Male', 'Male']","[nan, nan, nan, nan]"
Apprentissage de connaissances d'adaptation à partir des feedbacks des utilisateurs.,"['Benoît Encelle', 'Karim Sehaba']","['Encelle', 'Sehaba']","['Benoit', 'Karim']","[3, 2]","['2014', '2014']","['Male', 'Male']","[nan, nan]"
Approche Ontologique pour la Détection de la Pertinence d'une Action dans un Jeu Sérieux.,"['Amel Yessad', 'Jean-Marc Labat']","['Yessad', 'Labat']","['Amel', 'Jean-Marc']","[1, 2]","['2011', '2011']","['Male', 'Male']","['Male', nan]"
Approche de découverte de nouvelles catégories dans un wiki sémantique basée sur les motifs fréquents.,"['Cheikh Talibouya Diop', 'Moussa Lo', 'Stanislas Ouaro']","['Talibouya', 'Lo', 'Ouaro']","['Cheikh', 'Moussa', 'Stanislas']","[3, 4, 5]","['2015', '2015', '2015']","['Male', 'Male', 'Male']","[nan, nan, nan]"
Approche générique pour l'extraction de relations à partir de textes.,"['Nathalie Hernandez', 'Ollivier Haemmerlé']","['Hernandez', 'Haemmerlé']","['Nathalie', 'Ollivier']","[3, 2]","['2009', '2009']","['Female', 'Male']","[nan, nan]"
Approche numérique pour l'invalidation de liens d'identité (owl: SameAs).,"['Fatiha Saïs', 'Nathalie Pernelle']","['Saïs', 'Pernelle']","['Fatiha', 'Nathalie']","[3, 2]","['2017', '2017']","['Female', 'Female']","[nan, nan]"
Approche qualitative pour identifier et qualifier l'engagement des joueurs à partir de leurs traces d'interaction.,"['Karim Sehaba', 'Patrice Bouvier', 'Sébastien George', 'Élise Lavoué']","['Sehaba', 'Bouvier', 'George', 'Lavoué']","['Karim', 'Patrice', 'Sebastien', 'Elise']","[2, 1, 4, 3]","['2013', '2013', '2013', '2013']","['Male', 'Male', 'Male', 'Female']","[nan, 'Male', nan, nan]"
Assistance à la découverte de connaissances contextuelles à partir de l'analyse des traces.,"['Alain Mille', 'Hélène Tattegrain']","['Mille', 'Tattegrain']","['Alain', 'Helene']","[2, 3]","['2015', '2015']","['Male', 'Female']","[nan, nan]"
Assister l'utilisateur à expliciter un modèle de trace avec l'analyse de concepts formels.,['Béatrice Fuchs'],['Fuchs'],['Beatrice'],[1],['2017'],['Female'],['Female']
Automatisation du e-recrutement dans le cadre du Web sémantique.,"['Leila Yahiaoui', 'Yannick Prié']","['Yahiaoui', 'Prié']","['Leila', 'Yannick']","[1, 3]","['2006', '2006']","['Female', 'Male']","['Female', nan]"
Besoins ontologiques d'un système d'irrigation intelligent : comparaison entre SSN et SAREF.,"['Catherine Roussey', 'Christophe De Vaulx', 'Jean-Pierre Chanet']","['Roussey', 'De', 'Chanet']","['Catherine', 'Christophe', 'Jean-Pierre']","[3, 4, 5]","['2018', '2018', '2018']","['Female', 'Male', 'Male']","[nan, nan, nan]"
C-SAKey : une approche de découverte de clés conditionnelles dans des données RDF.,"['Fatiha Saïs', 'Nathalie Pernelle']","['Saïs', 'Pernelle']","['Fatiha', 'Nathalie']","[3, 1]","['2015', '2015']","['Female', 'Female']","[nan, 'Female']"
COBRA : Une plate-forme de RàPC basée sur des ontologies.,"['Amjad Abou Assali', 'Bruno Debray', 'Dominique Lenne', 'Sébastien Bouchet']","['Abou', 'Debray', 'Lenne', 'Bouchet']","['Amjad', 'Bruno', 'Dominique', 'Sebastien']","[1, 3, 2, 4]","['2009', '2009', '2009', '2009']","['Male', 'Male', 'Male', 'Male']","['Male', nan, nan, nan]"
Cartes conceptuelles pour l'ingénierie de cartes de connaissances adaptatives.,"['Jean Villerd', 'Michel Crampes', 'Sylvie Ranwez']","['Villerd', 'Crampes', 'Ranwez']","['Jean', 'Michel', 'Sylvie']","[2, 1, 5]","['2006', '2006', '2006']","['Male', 'Male', 'Female']","[nan, 'Male', nan]"
Cartographie sémantique auto-organisée d'un référentiel de connaissances partagé.,"['Jean Villerd', 'Michel Crampes', 'Sylvie Ranwez']","['Villerd', 'Crampes', 'Ranwez']","['Jean', 'Michel', 'Sylvie']","[3, 1, 2]","['2008', '2008', '2008']","['Male', 'Male', 'Female']","[nan, 'Male', nan]"
Choix méthodologiques pour la construction d'une ontologie de domaine en médecine prénatale.,"['Jean Charlet', 'Jean-Marie Jouannic', 'Marie-Christine Jaulent']","['Charlet', 'Jouannic', 'Jaulent']","['Jean', 'Jean-Marie', 'Marie-Christine']","[4, 2, 3]","['2010', '2010', '2010']","['Male', 'Male', 'Female']","[nan, nan, nan]"
"Co-construction interactive de connaissances, application à l'analyse mélodique.",['Béatrice Fuchs'],['Fuchs'],['Beatrice'],[1],['2011'],['Female'],['Female']
Comparaison de mesures d'intérêt pour l'alignement de hiérarchies textuelles.,"['Fabrice Guillet', 'Henri Briand', 'Jérôme David']","['Guillet', 'Briand', 'David']","['Fabrice', 'Henri', 'Jerome']","[2, 3, 1]","['2007', '2007', '2007']","['Male', 'Male', 'Male']","[nan, nan, 'Male']"
Complémentarité dans les Réseaux Sociaux Complémentarité de personnes partageant des propriétés dans les Réseaux Sociaux.,"['Michel Crampes', 'Michel Plantié']","['Crampes', 'Plantié']","['Michel', 'Michel']","[2, 1]","['2015', '2015']","['Male', 'Male']","[nan, 'Male']"
Complémentarité des méthodes numériques et symboliques en pharmacovigilance.,"['Agnès Lillo-Le Louët', 'Jean Villerd', 'Yannick Toussaint']","['Lillo-Le', 'Villerd', 'Toussaint']","['Agnes', 'Jean', 'Yannick']","[3, 1, 2]","['2010', '2010', '2010']","['Female', 'Male', 'Male']","[nan, 'Male', nan]"
Conception assistée d'une ontologie à partir d'une conceptualisation consensuelle exprimée de manière semi-formelle.,"['Gilbert Paquette', 'Michel Héon']","['Paquette', 'Héon']","['Gilbert', 'Michel']","[2, 1]","['2009', '2009']","['Male', 'Male']","[nan, 'Male']"
Conception interactive d'ontologies par élimination de mondes possibles.,['Sébastien Ferré'],['Ferré'],['Sebastien'],[1],['2015'],['Male'],['Male']
Concepts de plus proches voisins dans des graphes de connaissances.,['Sébastien Ferré'],['Ferré'],['Sebastien'],[1],['2017'],['Male'],['Male']
"Concevoir des assistants intelligents pour des applications fortement orientées connaissances : problématiques, enjeux et étude de cas.","['Amélie Cordier', 'Marie Lefèvre', 'Nathalie Guin']","['Cordier', 'Lefèvre', 'Guin']","['Amelie', 'Marie', 'Nathalie']","[1, 2, 4]","['2010', '2010', '2010']","['Female', 'Female', 'Female']","['Female', nan, nan]"
Connaissances de domaine et treillis de concepts pour l'exploration progressive de données complexes.,"['Amedeo Napoli', 'Malika Smaïl-Tabbone']","['Napoli', 'Smaïl-Tabbone']","['Amedeo', 'Malika']","[3, 4]","['2010', '2010']","['Male', 'Female']","[nan, nan]"
Connaissances opérationnelles pour la conception automatique de légendes de cartes.,['Catherine Dominguès'],['Dominguès'],['Catherine'],[1],['2009'],['Female'],['Female']
Construction automatique d'ontologies à partir d'une base de données relationnelles : application au médicament dans le domaine de la pharmacovigilance.,"['Catherine Duclos', 'Farid Cerbah', 'Jérôme Nobécourt', 'Lina Fatima Soualmia']","['Duclos', 'Cerbah', 'Nobécourt', 'Fatima']","['Catherine', 'Farid', 'Jerome', 'Lina']","[5, 4, 2, 3]","['2009', '2009', '2009', '2009']","['Female', 'Male', 'Male', 'Female']","[nan, nan, nan, nan]"
Construction automatique d'ontologies à partir de spécifications de bases de données.,"['Mouna Kamel', 'Nathalie Aussenac-Gilles']","['Kamel', 'Aussenac-Gilles']","['Mouna', 'Nathalie']","[1, 2]","['2009', '2009']","['Female', 'Female']","['Female', nan]"
Construction collaborative d'une Ressource Termino-Ontologique (RTO) pour le droit des collectivités territoriales.,['Sylvie Szulman'],['Szulman'],['Sylvie'],[2],['2013'],['Female'],[nan]
Construction d'ontologie pour le domaine du sourcing.,['Catherine Faron-Zucker'],['Faron-Zucker'],['Catherine'],[2],['2018'],['Female'],[nan]
Construction d'ontologies à partir de textes : la phase de conceptualisation.,"['Adeline Nazarenko', 'Sylvie Desprès', 'Sylvie Szulman']","['Nazarenko', 'Desprès', 'Szulman']","['Adeline', 'Sylvie', 'Sylvie']","[3, 2, 4]","['2008', '2008', '2008']","['Female', 'Female', 'Female']","[nan, nan, nan]"
Construction d'un gold standard pour des données agronomiques.,"['Imène Chentli', 'Konstantin Todorov', 'Pierre Larmande']","['Chentli', 'Todorov', 'Larmande']","['Imene', 'Konstantin', 'Pierre']","[1, 3, 2]","['2016', '2016', '2016']","['Female', 'Male', 'Male']","['Female', nan, nan]"
Construction d'un vocabulaire patient/médecin dédié au cancer du sein à partir des médias sociaux.,"['Caroline Mollevi', 'Christian Lavergne', 'Jérôme Azé', 'Sandra Bringay', 'Thomas Opitz']","['Mollevi', 'Lavergne', 'Azé', 'Bringay', 'Opitz']","['Caroline', 'Christian', 'Jerome', 'Sandra', 'Thomas']","[6, 3, 5, 2, 4]","['2015', '2015', '2015', '2015', '2015']","['Female', 'Male', 'Male', 'Female', 'Male']","[nan, nan, nan, nan, nan]"
Construction d'une ontologie de descripteurs UCD en astronomie.,"['Alexandre Richard', 'Amedeo Napoli', 'Emmanuel Nauer', 'Françoise Genova', 'Sébastien Derriere', 'Yannick Toussaint']","['Richard', 'Napoli', 'Nauer', 'Genova', 'Derriere', 'Toussaint']","['Alexandre', 'Amedeo', 'Emmanuel', 'Francoise', 'Sebastien', 'Yannick']","[2, 5, 1, 4, 3, 6]","['2006', '2006', '2006', '2006', '2006', '2006']","['Male', 'Male', 'Male', 'Female', 'Male', 'Male']","[nan, nan, 'Male', nan, nan, nan]"
Construction d'une ontologie du domaine HSE.,"['Frédéric Fürst', 'Sylvie Desprès', 'Sylvie Szulman']","['Fürst', 'Desprès', 'Szulman']","['Frederic', 'Sylvie', 'Sylvie']","[2, 1, 3]","['2007', '2007', '2007']","['Male', 'Female', 'Female']","[nan, 'Female', nan]"
Construction d'une ontologie modulaire pour l'univers de la cuisine numérique.,['Sylvie Desprès'],['Desprès'],['Sylvie'],[1],['2014'],['Female'],['Female']
Construction d'une ontologie pour la prise en charge de l'hypertension artérielle.,"['Christel Daniel-Le Bozec', 'Jean Charlet', 'Marie-Christine Jaulent', 'Olivier Steichen']","['Daniel-Le', 'Charlet', 'Jaulent', 'Steichen']","['Christel', 'Jean', 'Marie-Christine', 'Olivier']","[2, 4, 3, 1]","['2007', '2007', '2007', '2007']","['Female', 'Male', 'Female', 'Male']","[nan, nan, nan, 'Male']"
Construction d'une ontologie à partir d'un corpus de textes avec l'ACF.,"['Amedeo Napoli', 'Bertrand Delecroix', 'Mohamed Rouane Hacene', 'Rokia Bendaoud', 'Yannick Toussaint']","['Napoli', 'Delecroix', 'Rouane', 'Bendaoud', 'Toussaint']","['Amedeo', 'Bertrand', 'Mohamed', 'Rokia', 'Yannick']","[5, 4, 2, 1, 3]","['2007', '2007', '2007', '2007', '2007']","['Male', 'Male', 'Male', 'Female', 'Male']","[nan, nan, nan, 'Female', nan]"
Construction et peuplement de structures hiérarchiques de concepts dans le domaine du e-tourisme.,"['Marie-Aude Aufaure', 'Nicolas Béchet', 'Yves Lechevallier']","['Aufaure', 'Béchet', 'Lechevallier']","['Marie-Aude', 'Nicolas', 'Yves']","[2, 1, 3]","['2011', '2011', '2011']","['Female', 'Male', 'Male']","[nan, 'Male', nan]"
Construction et évolution de connaissances par confrontation de points de vue : prototype pour la recherche d'information scientifique.,"['Clément Jonquet', 'Guillaume Surroca', 'Philippe Lemoisson']","['Jonquet', 'Surroca', 'Lemoisson']","['Clement', 'Guillaume', 'Philippe']","[3, 1, 2]","['2014', '2014', '2014']","['Male', 'Male', 'Male']","[nan, 'Male', nan]"
Construction itérative d'un modèle de connaissance par l'exploitation de règles d'association.,"['Alain Mille', 'Clément Fauré', 'Jean-François Boulicaut', 'Sylvie Delprat']","['Mille', 'Fauré', 'Boulicaut', 'Delprat']","['Alain', 'Clement', 'Jean-Francois', 'Sylvie']","[3, 1, 4, 2]","['2006', '2006', '2006', '2006']","['Male', 'Male', 'Male', 'Female']","[nan, 'Male', nan, nan]"
Construction semi-automatique d'ontologies à partir d'une collection de pages web structurées.,"['Catherine Comparot', 'Davide Buscaldi', 'Mouna Kamel', 'Nathalie Aussenac-Gilles']","['Comparot', 'Buscaldi', 'Kamel', 'Aussenac-Gilles']","['Catherine', 'Davide', 'Mouna', 'Nathalie']","[4, 3, 2, 1]","['2013', '2013', '2013', '2013']","['Female', 'Male', 'Female', 'Female']","[nan, nan, nan, 'Female']"
Construction semi-automatique d'une ontologie de la perception des paysages.,"['Damien Rousselière', 'Julie Bourbeillon', 'Thomas Guyet']","['Rousselière', 'Bourbeillon', 'Guyet']","['Damien', 'Julie', 'Thomas']","[4, 1, 5]","['2013', '2013', '2013']","['Male', 'Female', 'Male']","[nan, 'Female', nan]"
Construction semi-automatique d'une ontologie sur des manuscrits ouest sahariens.,"['Béatrice Bouchou-Markhoff', 'Mohamed Lamine Diakité']","['Bouchou-Markhoff', 'Lamine']","['Beatrice', 'Mohamed']","[2, 1]","['2015', '2015']","['Female', 'Male']","[nan, 'Male']"
Construire la légende de la carte à l'aide d'une base de connaissance en cartographie.,['Catherine Dominguès'],['Dominguès'],['Catherine'],[1],['2012'],['Female'],['Female']
Construire une ontologie médicale pour la recherche d'information : problématiques terminologiques et de modélisation.,"['Jean Charlet', 'Patrick Miroux', 'Pierre Gayet']","['Charlet', 'Miroux', 'Gayet']","['Jean', 'Patrick', 'Pierre']","[1, 5, 4]","['2012', '2012', '2012']","['Male', 'Male', 'Male']","['Male', nan, nan]"
Continuous improvement of a document treatment chain using reinforcement learning.,"['Bruno Grilhères', 'Bruno Zanuttini', 'Patrick Giroux']","['Grilhères', 'Zanuttini', 'Giroux']","['Bruno', 'Bruno', 'Patrick']","[3, 2, 4]","['2015', '2015', '2015']","['Male', 'Male', 'Male']","[nan, nan, nan]"
Contribution à la recherche de vérité: modèles exploitant des règles d'association extraites d'une base de connaissances.,"['Isabelle Mougenot', 'Sylvie Ranwez', 'Sébastien Harispe', 'Valentina Beretta']","['Mougenot', 'Ranwez', 'Harispe', 'Beretta']","['Isabelle', 'Sylvie', 'Sebastien', 'Valentina']","[4, 2, 3, 1]","['2017', '2017', '2017', '2017']","['Female', 'Female', 'Male', 'Female']","[nan, nan, nan, 'Female']"
Correction d'ontologies construites à partir de la structure de documents.,"['Mouna Kamel', 'Nathalie Aussenac-Gilles']","['Kamel', 'Aussenac-Gilles']","['Mouna', 'Nathalie']","[1, 2]","['2010', '2010']","['Female', 'Female']","['Female', nan]"
D'un modèle statistique à un modè le de connaissance : retour d'expérience.,"['Jérôme Nobécourt', 'Rabia Azzi', 'Sylvie Desprès']","['Nobécourt', 'Azzi', 'Desprès']","['Jerome', 'Rabia', 'Sylvie']","[3, 1, 2]","['2018', '2018', '2018']","['Male', 'Female', 'Female']","[nan, 'Female', nan]"
De l'Ingénierie à l'Apprentissage des connaissances d'adaptation en Raisonnement à Partir de Cas.,"['Alain Mille', 'Amélie Cordier', 'Béatrice Fuchs']","['Mille', 'Cordier', 'Fuchs']","['Alain', 'Amelie', 'Beatrice']","[3, 1, 2]","['2006', '2006', '2006']","['Male', 'Female', 'Female']","[nan, 'Female', nan]"
De l'analyse d'un corpus de texte à la conception d'une interface graphique facilitant l'accès aux connaissances sur le médicament.,"['Alain Venot', 'Catherine Duclos']","['Venot', 'Duclos']","['Alain', 'Catherine']","[3, 2]","['2009', '2009']","['Male', 'Female']","[nan, nan]"
De l'intérêt des ontologies modulaires. Application à la modélisation de la prise en charge de la SLA.,"['David Grabli', 'Jean Charlet', 'Vincent Meininger', 'Xavier Aimé']","['Grabli', 'Charlet', 'Meininger', 'Aimé']","['David', 'Jean', 'Vincent', 'Xavier']","[4, 6, 3, 2]","['2018', '2018', '2018', '2018']","['Male', 'Male', 'Male', 'Male']","[nan, nan, nan, nan]"
De la conception à l'évaluation d'un modèle de connaissances. Etude de cas : le modèle S-K-E.,['Sandra Michelet'],['Michelet'],['Sandra'],[1],['2012'],['Female'],['Female']
De la qualité de la coopération à l'identification d'indicateurs de pilotage.,"['Christopher Couthon', 'Pascal Salembier', 'Régis Martineau']","['Couthon', 'Salembier', 'Martineau']","['Christopher', 'Pascal', 'Regis']","[1, 3, 2]","['2014', '2014', '2014']","['Male', 'Male', 'Male']","['Male', nan, nan]"
Degré de relation sémantique dans une ontologie pour la commande en langue naturelle.,"['Laurent Mazuel', 'Nicolas Sabouret']","['Mazuel', 'Sabouret']","['Laurent', 'Nicolas']","[1, 2]","['2007', '2007']","['Male', 'Male']","['Male', nan]"
Des patrons modulaires de requêtes SPARQL dans le système SWIP.,"['Nathalie Hernandez', 'Ollivier Haemmerlé']","['Hernandez', 'Haemmerlé']","['Nathalie', 'Ollivier']","[3, 2]","['2012', '2012']","['Female', 'Male']","[nan, nan]"
Des primitives visuelles pour l'assistance aux échanges entre experts et ontologues.,"['Jérôme Nobécourt', 'Sylvie Desprès']","['Nobécourt', 'Desprès']","['Jerome', 'Sylvie']","[2, 1]","['2016', '2016']","['Male', 'Female']","[nan, 'Female']"
Des textes au concept. Propositions pour une approche textuelle de la conceptualisation.,['Mathieu Valette'],['Valette'],['Mathieu'],[1],['2010'],['Male'],['Male']
Description structurelle automatique de documents musicaux.,['Olivier Lartillot'],['Lartillot'],['Olivier'],[1],['2006'],['Male'],['Male']
"Diffusion de systèmes de préférence par confrontation de points de vue, vers une simulation de la Sérendipité.","['Clément Jonquet', 'Guillaume Surroca', 'Philippe Lemoisson']","['Jonquet', 'Surroca', 'Lemoisson']","['Clement', 'Guillaume', 'Philippe']","[3, 1, 2]","['2015', '2015', '2015']","['Male', 'Male', 'Male']","[nan, 'Male', nan]"
Différentes notions de réponses pour un système d'interrogation de bases de graphes.,"['Michel Leclère', 'Nicolas Moreau']","['Leclère', 'Moreau']","['Michel', 'Nicolas']","[1, 2]","['2008', '2008']","['Male', 'Male']","['Male', nan]"
Dire n'est pas concevoir.,['Christophe Roche'],['Roche'],['Christophe'],[1],['2007'],['Male'],['Male']
DiscoClini : Une méthodologie pour l'extraction de relations linéaires dans des données de génomique médicale.,"['Arriel Benis', 'Jean-Daniel Zucker']","['Benis', 'Zucker']","['Arriel', 'Jean-Daniel']","[1, 2]","['2007', '2007']","['Female', 'Male']","['Female', nan]"
"Du TALN au LOD : Extraction d'entités, liage, et visualisation.","['Cédric Lopez', 'Dana Popovici', 'Fabien Gandon', 'Frédérique Segond', 'Matthieu Osmuk']","['Lopez', 'Popovici', 'Gandon', 'Segond', 'Osmuk']","['Cedric', 'Dana', 'Fabien', 'Frederique', 'Matthieu']","[1, 3, 6, 8, 2]","['2016', '2016', '2016', '2016', '2016']","['Male', 'Female', 'Male', 'UKN', 'Male']","['Male', nan, nan, nan, nan]"
Du besoin de l'utilisateur à la spécification de sa carte.,['Catherine Dominguès'],['Dominguès'],['Catherine'],[1],['2007'],['Female'],['Female']
Du langage naturel à la connaissance il n'y a qu'un pas : SWIP.,"['Fabien Amarger', 'Nathalie Hernandez', 'Nicolas Seydoux']","['Amarger', 'Hernandez', 'Seydoux']","['Fabien', 'Nathalie', 'Nicolas']","[2, 4, 3]","['2017', '2017', '2017']","['Male', 'Female', 'Male']","[nan, nan, nan]"
Du texte au portail sémantique : cas d'utilisation lié à des données temporelles.,"['Charles Teissèdre', 'Delphine Battistelli']","['Teissèdre', 'Battistelli']","['Charles', 'Delphine']","[1, 2]","['2010', '2010']","['Male', 'Female']","['Male', nan]"
Du texte à la connaissance : annotation sémantique et peuplement d'ontologie appliqués à des artefacts logiciels.,['Florence Amardeilh'],['Amardeilh'],['Florence'],[1],['2009'],['Female'],['Female']
Décomposition sous-directe d'un treillis en facteurs irréductibles.,"['Christophe Demko', 'Jean-François Viaud', 'Rokia Missaoui']","['Demko', 'Viaud', 'Missaoui']","['Christophe', 'Jean-Francois', 'Rokia']","[3, 1, 4]","['2015', '2015', '2015']","['Male', 'Male', 'Female']","[nan, 'Male', nan]"
Découverte de liens d'identité entre instances décrites par des ontologies partiellement alignées.,"['Brigitte Safar', 'Fatiha Saïs', 'Nathalie Pernelle']","['Safar', 'Saïs', 'Pernelle']","['Brigitte', 'Fatiha', 'Nathalie']","[3, 2, 1]","['2013', '2013', '2013']","['Female', 'Female', 'Female']","[nan, nan, 'Female']"
Décrire les maladies localisées et la physiopathologie pour une ontologie des urgences : un algorithme générique à partir de la FMA.,"['Jean Charlet', 'Laurent Mazuel', 'Patrick Miroux', 'Pierre Gayet']","['Charlet', 'Mazuel', 'Miroux', 'Gayet']","['Jean', 'Laurent', 'Patrick', 'Pierre']","[1, 2, 4, 5]","['2014', '2014', '2014', '2014']","['Male', 'Male', 'Male', 'Male']","['Male', nan, nan, nan]"
Définition de la sémantique des clés dans le web sémantique : un point de vue théorique.,"['Fatiha Saïs', 'Michel Chein', 'Michel Leclère', 'Nathalie Pernelle']","['Saïs', 'Chein', 'Leclère', 'Pernelle']","['Fatiha', 'Michel', 'Michel', 'Nathalie']","[5, 1, 3, 4]","['2014', '2014', '2014', '2014']","['Female', 'Male', 'Male', 'Female']","[nan, 'Male', nan, nan]"
Démarches sémantiques de recherche d'information sur le Web.,"['Catherine Faron-Zucker', 'Isabelle Mirbel', 'Olivier Corby']","['Faron-Zucker', 'Mirbel', 'Corby']","['Catherine', 'Isabelle', 'Olivier']","[2, 3, 1]","['2009', '2009', '2009']","['Female', 'Female', 'Male']","[nan, nan, 'Male']"
Détection d'informations vitales pour la mise à jour de bases de connaissances.,"['Mohand Boughanem', 'Nathalie Hernandez', 'Rafik Abbes']","['Boughanem', 'Hernandez', 'Abbes']","['Mohand', 'Nathalie', 'Rafik']","[4, 2, 1]","['2015', '2015', '2015']","['Male', 'Female', 'Male']","[nan, nan, 'Male']"
Détection de clefs pour l'interconnexion et le nettoyage de jeux de données.,"['François Scharffe', 'Jérôme David']","['Scharffe', 'David']","['Francois', 'Jerome']","[2, 1]","['2012', '2012']","['Male', 'Male']","[nan, 'Male']"
Détection de communautés dans les graphes bipartis.,"['Michel Crampes', 'Michel Plantié']","['Crampes', 'Plantié']","['Michel', 'Michel']","[1, 2]","['2012', '2012']","['Male', 'Male']","['Male', nan]"
Détection de consensus entre sources et calcul de confiance fondé sur l'intégrale de Choquet.,"['Catherine Roussey', 'Fabien Amarger', 'Jean-Pierre Chanet', 'Nathalie Hernandez', 'Ollivier Haemmerlé', 'Romain Guillaume']","['Roussey', 'Amarger', 'Chanet', 'Hernandez', 'Haemmerlé', 'Guillaume']","['Catherine', 'Fabien', 'Jean-Pierre', 'Nathalie', 'Ollivier', 'Romain']","[6, 1, 2, 5, 4, 3]","['2016', '2016', '2016', '2016', '2016', '2016']","['Female', 'Male', 'Male', 'Female', 'Male', 'Male']","[nan, 'Male', nan, nan, nan, nan]"
Détection de liens d'identité contextuels dans une base de connaissances.,"['Fatiha Saïs', 'Nathalie Pernelle']","['Saïs', 'Pernelle']","['Fatiha', 'Nathalie']","[3, 2]","['2017', '2017']","['Female', 'Female']","[nan, nan]"
Détection et Représentation des changements dans les sources de données RDF.,"['Daniel Mercier', 'Fatiha Saïs', 'Nathalie Pernelle']","['Mercier', 'Saïs', 'Pernelle']","['Daniel', 'Fatiha', 'Nathalie']","[1, 3, 2]","['2016', '2016', '2016']","['Male', 'Female', 'Female']","['Male', nan, nan]"
Elicitation de Structures Hiérarchiques à partir de Structures Enumératives pour la Construction d'Ontologie.,"['Bernard Rothenburger', 'Mouna Kamel']","['Rothenburger', 'Kamel']","['Bernard', 'Mouna']","[2, 1]","['2011', '2011']","['Male', 'Female']","[nan, 'Female']"
Eléments de réflexion sur l'utilisation de corpus pour la construction d'ontologies.,['Xavier Aimé'],['Aimé'],['Xavier'],[1],['2015'],['Male'],['Male']
Enrichissement automatique d'une base de connaissances biologiques à l'aide des outils du Web sémantique.,"['Florence Amardeilh', 'Ines Jilani']","['Amardeilh', 'Jilani']","['Florence', 'Ines']","[2, 1]","['2009', '2009']","['Female', 'Female']","[nan, 'Female']"
Enrichissement contrôlé de bases de connaissances à partir de documents semi-structurés annotés.,"['Nacéra Bennacer', 'Nathalie Pernelle', 'Yassine Mrabet']","['Bennacer', 'Pernelle', 'Mrabet']","['Nacera', 'Nathalie', 'Yassine']","[2, 3, 1]","['2012', '2012', '2012']","['Female', 'Female', 'Male']","[nan, nan, 'Male']"
Enrichissement d'ontologies : maintenance de la consistance et évaluation de la qualité.,"['Marie-Aude Aufaure', 'Rim Djedidi']","['Aufaure', 'Djedidi']","['Marie-Aude', 'Rim']","[2, 1]","['2008', '2008']","['Female', 'UKN']","[nan, 'UKN']"
Environnement d'ingénierie des connaissances : intégration et visualisation dans le domaine du vivant.,"['Fabien Jalabert', 'Michel Crampes', 'Sylvie Ranwez', 'Vincent Derozier']","['Jalabert', 'Crampes', 'Ranwez', 'Derozier']","['Fabien', 'Michel', 'Sylvie', 'Vincent']","[1, 3, 2, 4]","['2006', '2006', '2006', '2006']","['Male', 'Male', 'Female', 'Male']","['Male', nan, nan, nan]"
Etude d'une approche de Retour d'Expérience pour la découverte d'enseignements génériques dans le domaine humanitaire.,"['Benoît Roig', ""Cécile L'Héritier"", 'Gilles Dusserre', 'Sébastien Harispe']","['Roig', ""L'Héritier"", 'Dusserre', 'Harispe']","['Benoit', 'Cecile', 'Gilles', 'Sebastien']","[5, 1, 4, 2]","['2018', '2018', '2018', '2018']","['Male', 'Female', 'Male', 'Male']","[nan, 'Female', nan, nan]"
Etude de l'évolution du modèle de l'utilisateur des systèmes de construction collaborative d'ontologies.,['Alain Giboin'],['Giboin'],['Alain'],[1],['2018'],['Male'],['Male']
Evaluation d'associations sémantiques dans une ontologie de domaine.,"['Boutheina Ben Yaghlane', 'Khaled Mellouli']","['Ben', 'Mellouli']","['Boutheina', 'Khaled']","[2, 3]","['2009', '2009']","['Female', 'Female']","[nan, nan]"
Expertise et fonctions qualitatives.,['Guy Della Valle'],['Della'],['Guy'],[2],['2012'],['Male'],[nan]
Exploiter la structure discursive du texte pour valider les relations candidates d'hyperonymie issues de structures énumératives parallèles.,['Mouna Kamel'],['Kamel'],['Mouna'],[1],['2016'],['Female'],['Female']
Exploration par apprentissage de discussions de personnes en détresse psychologique.,"['Frédéric Pugniere-Saavedra', 'Nicolas Béchet', 'Rémy Kessler']","['Pugniere-Saavedra', 'Béchet', 'Kessler']","['Frederic', 'Nicolas', 'Remy']","[4, 2, 1]","['2018', '2018', '2018']","['Male', 'Male', 'Male']","[nan, nan, 'Male']"
Explorer des actualités multimédia dans le Web de données.,['Raphaël Troncy'],['Troncy'],['Raphael'],[1],['2009'],['Male'],['Male']
Explorer les théorèmes d'une Tbox.,['Julien Corman'],['Corman'],['Julien'],[1],['2013'],['Male'],['Male']
Expression de requêtes SPARQL à partir de patrons: prise en compte des relations.,"['Nathalie Hernandez', 'Ollivier Haemmerlé']","['Hernandez', 'Haemmerlé']","['Nathalie', 'Ollivier']","[3, 2]","['2011', '2011']","['Female', 'Male']","[nan, nan]"
Expression de requêtes en graphes conceptuels à partir de mots-clés et de patrons.,"['Catherine Comparot', 'Nathalie Hernandez', 'Ollivier Haemmerlé']","['Comparot', 'Hernandez', 'Haemmerlé']","['Catherine', 'Nathalie', 'Ollivier']","[1, 3, 2]","['2010', '2010', '2010']","['Female', 'Female', 'Male']","['Female', nan, nan]"
Expression générique des licences : l'apport de l'ontologie.,"['Bruno Bachimont', 'Nadia Nadah']","['Bachimont', 'Nadah']","['Bruno', 'Nadia']","[2, 1]","['2007', '2007']","['Male', 'Female']","[nan, 'Female']"
Extension du langage de requêtes LISQL pour la représentation et l'exploration d'expressions mathématiques en RDF.,['Sébastien Ferré'],['Ferré'],['Sebastien'],[1],['2012'],['Male'],['Male']
Extraction Contextuelle de Concepts Ontologiques pour le Web Sémantique.,"['Lobna Karoui', 'Marie-Aude Aufaure', 'Nacéra Bennacer']","['Karoui', 'Aufaure', 'Bennacer']","['Lobna', 'Marie-Aude', 'Nacera']","[1, 2, 3]","['2007', '2007', '2007']","['Female', 'Female', 'Female']","['Female', nan, nan]"
Extraction de relations : combiner les techniques pour s'adapter à la diversité du texte.,"['Adel Ghamnia', 'Cécile Fabre', 'Mouna Kamel', 'Nathalie Aussenac-Gilles']","['Ghamnia', 'Fabre', 'Kamel', 'Aussenac-Gilles']","['Adel', 'Cecile', 'Mouna', 'Nathalie']","[1, 4, 2, 5]","['2017', '2017', '2017', '2017']","['Male', 'Female', 'Female', 'Female']","['Male', nan, nan, nan]"
Extraction de relations dans des comptes rendus hospitaliers.,['Brigitte Grau'],['Grau'],['Brigitte'],[3],['2011'],['Female'],[nan]
Extraction et agrégation automatique d'événements pour la veille en sources ouvertes : du texte à la connaissance.,"['Bruno Grilhères', 'Laurie Serrano', 'Thierry Charnois']","['Grilhères', 'Serrano', 'Charnois']","['Bruno', 'Laurie', 'Thierry']","[5, 1, 3]","['2013', '2013', '2013']","['Male', 'Female', 'Male']","[nan, 'Female', nan]"
Extraire semi-automatiquement des connaissances dans la littérature biomédicale.,"['Jérôme Azé', 'Paul Landais', 'Sandra Bringay']","['Azé', 'Landais', 'Bringay']","['Jerome', 'Paul', 'Sandra']","[2, 4, 3]","['2016', '2016', '2016']","['Male', 'Male', 'Female']","[nan, nan, nan]"
Familles génératrices de règles d'adaptation pour assister leur acquisition semi-automatique.,"['Fadi Badra', 'Jean Lieber', 'Matthieu Tixier']","['Badra', 'Lieber', 'Tixier']","['Fadi', 'Jean', 'Matthieu']","[2, 3, 1]","['2008', '2008', '2008']","['Female', 'Male', 'Male']","[nan, nan, 'Male']"
Focaliser l'extraction d'épisodes séquentiels à partir de traces par le contexte.,['Béatrice Fuchs'],['Fuchs'],['Beatrice'],[1],['2018'],['Female'],['Female']
Formalisation de l'attitude des médecins vis à vis des propositions d'un système d'aide à la décision : évaluation de l'« e-iatrogénie » sur un cas d'hypertension avec ASTI mode guidé.,"['Brigitte Séroussi', 'Dominique Sauquet', 'Jacques Bouaud', 'Jacques Julien']","['Séroussi', 'Sauquet', 'Bouaud', 'Julien']","['Brigitte', 'Dominique', 'Jacques', 'Jacques']","[1, 2, 5, 4]","['2011', '2011', '2011', '2011']","['Female', 'Male', 'Male', 'Male']","['Female', nan, nan, nan]"
Formalisation de la terminologie LOINC et évaluation de ses avantages pour la classification des tests de laboratoire.,"['Lina Fatima Soualmia', 'Xavier Gansel']","['Fatima', 'Gansel']","['Lina', 'Xavier']","[2, 3]","['2017', '2017']","['Female', 'Male']","[nan, nan]"
Formalisation des connaissances capitalisées en conception inventive.,"['Alexis Bultey', 'Cecilia Zanni', 'François Rousselot']","['Bultey', 'Zanni', 'Rousselot']","['Alexis', 'Cecilia', 'Francois']","[2, 3, 1]","['2008', '2008', '2008']","['Male', 'Female', 'Male']","[nan, nan, 'Male']"
Formalisation et Construction d'une Ontologie dans le Domaine des Infections Orthopédiques.,"['Damien De Nizza', 'Hubert Meurisse']","['De', 'Meurisse']","['Damien', 'Hubert']","[1, 3]","['2013', '2013']","['Male', 'Male']","['Male', nan]"
Fouille de motifs séquentiels pour la découverte de relations entre gènes et maladies rares.,"['Bruno Crémilleux', 'Nicolas Béchet', 'Thierry Charnois']","['Crémilleux', 'Béchet', 'Charnois']","['Bruno', 'Nicolas', 'Thierry']","[4, 1, 3]","['2012', '2012', '2012']","['Male', 'Male', 'Male']","[nan, 'Male', nan]"
"G-OWL : Vers un langage de modélisation graphique, polymorphique et typé pour la construction d'une ontologie dans la notation OWL.",['Michel Héon'],['Héon'],['Michel'],[1],['2013'],['Male'],['Male']
"Gestion de connaissances pour l'acquisition, le traitement et la valorisation des connaissances du patrimoine technique.","['Alain Bernard', 'Benjamin Hervy', 'Florent Laroche', 'Jean-Louis Kerouanton', 'Matthieu Quantin']","['Bernard', 'Hervy', 'Laroche', 'Kerouanton', 'Quantin']","['Alain', 'Benjamin', 'Florent', 'Jean-Louis', 'Matthieu']","[4, 1, 3, 5, 2]","['2015', '2015', '2015', '2015', '2015']","['Male', 'Male', 'Male', 'Male', 'Male']","[nan, 'Male', nan, nan, nan]"
Gestion de la cohérence des règles métier éditées à partir d'ontologies OWL.,"['Jean Charlet', 'Patrick Albert']","['Charlet', 'Albert']","['Jean', 'Patrick']","[3, 2]","['2011', '2011']","['Male', 'Male']","[nan, nan]"
Gestion des Connaissances Spécifiques à la Conception Inventive.,"['Cecilia Zanni', 'Denis Cavallucci', 'François Rousselot', 'Thomas Eltzer']","['Zanni', 'Cavallucci', 'Rousselot', 'Eltzer']","['Cecilia', 'Denis', 'Francois', 'Thomas']","[2, 3, 1, 4]","['2007', '2007', '2007', '2007']","['Female', 'Male', 'Male', 'Male']","[nan, nan, 'Male', nan]"
Gradient de prototypicalité lexicale : définition et cas d'application sur la terminologie des ontologies.,"['Francky Trichet', 'Frédéric Fürst', 'Jean Charlet', 'Pascale Kuntz', 'Xavier Aimé']","['Trichet', 'Fürst', 'Charlet', 'Kuntz', 'Aimé']","['Francky', 'Frederic', 'Jean', 'Pascale', 'Xavier']","[4, 2, 5, 3, 1]","['2012', '2012', '2012', '2012', '2012']","['Male', 'Male', 'Male', 'Female', 'Male']","[nan, nan, nan, nan, 'Male']"
Gradients de prototypicalité appliqués à la personnalisation d'ontologies.,"['Francky Trichet', 'Frédéric Fürst', 'Pascale Kuntz', 'Xavier Aimé']","['Trichet', 'Fürst', 'Kuntz', 'Aimé']","['Francky', 'Frederic', 'Pascale', 'Xavier']","[4, 2, 3, 1]","['2009', '2009', '2009', '2009']","['Male', 'Male', 'Female', 'Male']","[nan, nan, nan, 'Male']"
Graphe de connaissances et folksonomie : leur performance comparative dans le calcul de l'afinité.,['Philippe Laublet'],['Laublet'],['Philippe'],[2],['2017'],['Male'],[nan]
Génération automatique d'un questionnaire à partir d'une ontologie de domaine.,"['Faiza Deghmani', 'Leila Zemmouchi-Ghomari']","['Deghmani', 'Zemmouchi-Ghomari']","['Faiza', 'Leila']","[2, 1]","['2017', '2017']","['Female', 'Female']","[nan, 'Female']"
HuTO: une Ontologie Temporelle Narrative pour les Applications du Web Sémantique.,"['Isabelle Mirbel', 'Moussa Lo', 'Olivier Corby']","['Mirbel', 'Lo', 'Corby']","['Isabelle', 'Moussa', 'Olivier']","[3, 4, 2]","['2015', '2015', '2015']","['Female', 'Male', 'Male']","[nan, nan, nan]"
Hypertopic : une métasémiotique et un protocole pour le Web socio-sémantique.,"['Aurélien Bénel', 'Christophe Lejeune', 'Jean-Pierre Cahier', 'Manuel Zacklad']","['Bénel', 'Lejeune', 'Cahier', 'Zacklad']","['Aurelien', 'Christophe', 'Jean-Pierre', 'Manuel']","[3, 5, 2, 1]","['2007', '2007', '2007', '2007']","['Male', 'Male', 'Male', 'Male']","[nan, nan, nan, 'Male']"
IC : Ingénierie des Connaissances ou Ingénierie du Conformisme.,"['Jean Charlet', 'Xavier Aimé']","['Charlet', 'Aimé']","['Jean', 'Xavier']","[2, 1]","['2013', '2013']","['Male', 'Male']","[nan, 'Male']"
IDOSCHISTO : une extension de l'ontologie noyau des maladies infectieuses (IDO-Core) pour la schistosomiase.,"['Moussa Lo', 'Sylvie Desprès']","['Lo', 'Desprès']","['Moussa', 'Sylvie']","[3, 2]","['2014', '2014']","['Male', 'Female']","[nan, nan]"
Identifier la cible des émotions dans les forums de santé.,"['Eric Kergosien', 'Pascal Poncelet', 'Pierre Pompidor', 'Sandra Bringay']","['Kergosien', 'Poncelet', 'Pompidor', 'Bringay']","['Eric', 'Pascal', 'Pierre', 'Sandra']","[2, 4, 3, 1]","['2014', '2014', '2014', '2014']","['Male', 'Male', 'Male', 'Female']","[nan, nan, nan, 'Female']"
Impact de la réactualisation de recommandations de pratiques cliniques sur l'évolution d'une base de connaissances.,"['Brigitte Séroussi', 'Jacques Bouaud']","['Séroussi', 'Bouaud']","['Brigitte', 'Jacques']","[2, 1]","['2008', '2008']","['Female', 'Male']","[nan, 'Male']"
Implémentation d'un raisonnement spatial qualitatif sur les relations RCC8 au moyen de OWL et de SWRL.,"['Cecilia Zanni-Merk', 'Florence Le Ber', 'François de Bertrand de Beuvron']","['Zanni-Merk', 'Le', 'de']","['Cecilia', 'Florence', 'Francois']","[3, 4, 2]","['2013', '2013', '2013']","['Female', 'Female', 'Male']","[nan, nan, nan]"
Indexation de photos sociales par propagation sur une hiérarchie de concepts.,"['Jean Villerd', 'Jeremy de Oliveira-Kumar', 'Michel Crampes', 'Sylvie Ranwez']","['Villerd', 'de', 'Crampes', 'Ranwez']","['Jean', 'Jeremy', 'Michel', 'Sylvie']","[4, 2, 1, 3]","['2009', '2009', '2009', '2009']","['Male', 'Male', 'Male', 'Female']","[nan, nan, 'Male', nan]"
Indexation et intégration de ressources textuelles à l'aide d'ontologies : application au domaine biomédical.,"['Adrien Coulet', 'Clement Jonquet', 'Mark A. Musen']","['Coulet', 'Jonquet', 'A.']","['Adrien', 'Clement', 'Mark']","[2, 1, 4]","['2010', '2010', '2010']","['Male', 'Male', 'Male']","[nan, 'Male', nan]"
Infarctus du myocarde : quelles sont les trajectoires de soins pronostiques du décès à l'hôpital?,"['Jérôme Azé', 'Paul Landais', 'Sandra Bringay']","['Azé', 'Landais', 'Bringay']","['Jerome', 'Paul', 'Sandra']","[2, 4, 3]","['2017', '2017', '2017']","['Male', 'Male', 'Female']","[nan, nan, nan]"
Infrastructure web socio-sémantique pour la veille collaborative.,"['Jean-Pierre Cahier', 'Patrick Brébion']","['Cahier', 'Brébion']","['Jean-Pierre', 'Patrick']","[1, 3]","['2014', '2014']","['Male', 'Male']","['Male', nan]"
Ingénierie des traces numériques d'interaction comme inscriptions de connaissances.,"['Alain Mille', 'Julien Laflaquière', 'Yannick Prié']","['Mille', 'Laflaquière', 'Prié']","['Alain', 'Julien', 'Yannick']","[3, 1, 2]","['2008', '2008', '2008']","['Male', 'Male', 'Male']","[nan, 'Male', nan]"
Intelligence qualitative dans la gestion de risques : rôle de la documentarisation et des Systèmes d'Organisation des Connaissances.,"['Aurélien Bénel', 'Christophe Lejeune', 'Jean-Pierre Cahier', 'Manuel Zacklad']","['Bénel', 'Lejeune', 'Cahier', 'Zacklad']","['Aurelien', 'Christophe', 'Jean-Pierre', 'Manuel']","[3, 5, 2, 1]","['2008', '2008', '2008', '2008']","['Male', 'Male', 'Male', 'Male']","[nan, nan, nan, 'Male']"
Interopérabilité sémantique dans le domaine du diagnostic in vitro : évaluation d'algorithmes sur LOINC et l'ontologie SNOMED CT.,"['Lina Fatima Soualmia', 'Xavier Gansel']","['Fatima', 'Gansel']","['Lina', 'Xavier']","[2, 3]","['2016', '2016']","['Female', 'Male']","[nan, nan]"
Interprétation Interactive de connaissances à partir de traces.,"['Amélie Cordier', 'Béatrice Fuchs']","['Cordier', 'Fuchs']","['Amelie', 'Beatrice']","[1, 2]","['2016', '2016']","['Female', 'Female']","['Female', nan]"
Introduction de raisonnement dans un outil de gestion des connaissances basé sur les Topic Maps.,"['Michel Leclère', 'Olivier Carloni']","['Leclère', 'Carloni']","['Michel', 'Olivier']","[2, 1]","['2006', '2006']","['Male', 'Male']","[nan, 'Male']"
Intégration d'un réseau bayésien dans une ontologie.,"['Emna Hlel', 'Salma Jamoussi']","['Hlel', 'Jamoussi']","['Emna', 'Salma']","[1, 2]","['2014', '2014']","['Female', 'Female']","['Female', nan]"
Intégration d'une ontologie de domaine dans un système question/réponse.,['Mouna Kamel'],['Kamel'],['Mouna'],[2],['2007'],['Female'],[nan]
Intégration de données cliniques et omiques pour la recherche d'information dans le Dossier Patient Informatisé.,"['Lina Fatima Soualmia', 'Stéfan Jacques Darmoni']","['Fatima', 'Jacques']","['Lina', 'Stefan']","[2, 3]","['2015', '2015']","['Female', 'Male']","[nan, nan]"
Intégration de raisonnements automatiques dans le système d'annotation MemoNote.,"['Cyrille Desmoulins', 'Hakim Mokeddem']","['Desmoulins', 'Mokeddem']","['Cyrille', 'Hakim']","[2, 1]","['2012', '2012']","['Male', 'Male']","[nan, 'Male']"
L'apprentissage d'ordonnancement pour l'appariement de questions.,"['Baptiste Chardon', 'Dominique Laurent', 'Patrick Séguéla', 'Sophie Muller']","['Chardon', 'Laurent', 'Séguéla', 'Muller']","['Baptiste', 'Dominique', 'Patrick', 'Sophie']","[2, 3, 5, 4]","['2016', '2016', '2016', '2016']","['Male', 'Male', 'Male', 'Female']","[nan, nan, nan, nan]"
L'intérêt des patrons dans la gestion des connaissances liées à la création sonore.,"['Alain Bonardi', 'Antoine Vincent', 'Bruno Bachimont']","['Bonardi', 'Vincent', 'Bachimont']","['Alain', 'Antoine', 'Bruno']","[3, 1, 2]","['2014', '2014', '2014']","['Male', 'Male', 'Male']","[nan, 'Male', nan]"
L'ontologie PHO en Histoire des Sciences et Techniques.,"['Bruno Rohou', 'Serge Garlatti', 'Sylvain Laube']","['Rohou', 'Garlatti', 'Laube']","['Bruno', 'Serge', 'Sylvain']","[1, 2, 3]","['2017', '2017', '2017']","['Male', 'Male', 'Male']","['Male', nan, nan]"
LODE: une ontologie pour représenter des événements dans le web de données.,['Raphaël Troncy'],['Troncy'],['Raphael'],[1],['2010'],['Male'],['Male']
LOVMI : vers une méthode interactive pour la validation d'ontologies.,"['Jean Charlet', 'Xavier Aimé']","['Charlet', 'Aimé']","['Jean', 'Xavier']","[4, 2]","['2015', '2015']","['Male', 'Male']","[nan, nan]"
La Conception Innovante : synthèse de systèmes ou résolution de problèmes ?,"['Cecilia Zanni', 'François Rousselot']","['Zanni', 'Rousselot']","['Cecilia', 'Francois']","[2, 1]","['2006', '2006']","['Female', 'Male']","[nan, 'Male']"
La sonde sémantique pour la fouille sémantique visuelle.,"['Jeremy de Oliveira-Kumar', 'Michel Crampes']","['de', 'Crampes']","['Jeremy', 'Michel']","[2, 1]","['2010', '2010']","['Male', 'Male']","[nan, 'Male']"
Le Web sémantique n'est pas antisocial.,['Fabien Gandon'],['Gandon'],['Fabien'],[1],['2006'],['Male'],['Male']
Le projet ECOPACK : environnement socio-technique support à une analyse stratégique.,['Véronique Misséri'],['Misséri'],['Veronique'],[3],['2017'],['Female'],[nan]
Lecture active de documents audiovisuels : organisation de connaissances personnelles par la structuration d'annotations.,"['Bertrand Richard', 'Sylvie Calabretto', 'Yannick Prié']","['Richard', 'Calabretto', 'Prié']","['Bertrand', 'Sylvie', 'Yannick']","[1, 3, 2]","['2007', '2007', '2007']","['Male', 'Female', 'Male']","['Male', nan, nan]"
"Les compétences comme valeurs communes de l'emploi, éducation et formation.",['Thierry Vermeeren'],['Vermeeren'],['Thierry'],[2],['2007'],['Male'],[nan]
Les entités nommées : des clés linguistiques pour la conceptualisation.,"['Adeline Nazarenko', 'Sylvie Szulman']","['Nazarenko', 'Szulman']","['Adeline', 'Sylvie']","[2, 3]","['2011', '2011']","['Female', 'Female']","[nan, nan]"
Les motifs séquentiels au service de la structuration des folksonomies.,"['Damien Hoffschir', 'Julien Gomila', 'Maguelonne Teisseire', 'Sandra Bringay']","['Hoffschir', 'Gomila', 'Teisseire', 'Bringay']","['Damien', 'Julien', 'Maguelonne', 'Sandra']","[4, 3, 2, 1]","['2010', '2010', '2010', '2010']","['Male', 'Male', 'Female', 'Female']","[nan, nan, nan, 'Female']"
"Les ontologies du prototype LUISA, une architecture fondée sur des Web Services Sémantiques pour les ressources de formation.","['Anne Monceaux', 'Benjamin Huynh-Kim-Bang', 'Monique Grandbastien']","['Monceaux', 'Huynh-Kim-Bang', 'Grandbastien']","['Anne', 'Benjamin', 'Monique']","[3, 2, 1]","['2008', '2008', '2008']","['Female', 'Male', 'Female']","[nan, nan, 'Female']"
Les ontologies pour la recherche ciblée d'information sur le Web : une utilisation et extension d'OWL pour l'expansion de requêtes.,"['Chantal Reynaud', 'Cédric Pruski', 'Nicolas Guelfi']","['Reynaud', 'Pruski', 'Guelfi']","['Chantal', 'Cedric', 'Nicolas']","[3, 2, 1]","['2007', '2007', '2007']","['Female', 'Male', 'Male']","[nan, nan, 'Male']"
LinkedVocabularyEditor: une extension MediaWiki pour l'édition collaborative et la publication de vocabulaires liés.,['Antoine Zimmermann'],['Zimmermann'],['Antoine'],[2],['2015'],['Male'],[nan]
Linkky: Extraction de clés de liage par une adaptation de l'analyse relationnelle de concepts.,"['Jérémy Vizzini', 'Jérôme David', 'Jérôme Euzenat']","['Vizzini', 'David', 'Euzenat']","['Jeremy', 'Jerome', 'Jerome']","[3, 1, 2]","['2018', '2018', '2018']","['Male', 'Male', 'Male']","[nan, 'Male', nan]"
"MemoNote, un outil de gestion des connaissances personnelles pour enseignants à base d'annotations.",['Cyrille Desmoulins'],['Desmoulins'],['Cyrille'],[2],['2006'],['Male'],[nan]
Mesurer la qualité des systèmes de catégories de blogs.,"['Adeline Nazarenko', 'François Lévy', 'Jorge García Flores']","['Nazarenko', 'Lévy', 'García']","['Adeline', 'Francois', 'Jorge']","[4, 3, 2]","['2017', '2017', '2017']","['Female', 'Male', 'Male']","[nan, nan, nan]"
Mesures de similarité distributionnelle entre termes.,"['Adeline Nazarenko', 'Laurent Audibert']","['Nazarenko', 'Audibert']","['Adeline', 'Laurent']","[3, 2]","['2011', '2011']","['Female', 'Male']","[nan, nan]"
Mesures sémantiques basées sur la notion de projection RDF pour les systèmes de recommandation.,"['Stefan Janaqi', 'Sylvie Ranwez', 'Sébastien Harispe']","['Janaqi', 'Ranwez', 'Harispe']","['Stefan', 'Sylvie', 'Sebastien']","[3, 2, 1]","['2013', '2013', '2013']","['Male', 'Female', 'Male']","[nan, nan, 'Male']"
Mise en place d'un système d'assistance personnalisée dans une application existante.,['Pierre-Antoine Champin'],['Champin'],['Pierre-Antoine'],[3],['2013'],['Male'],[nan]
Mise à disposition des spectres d'activité des antibiotiques pour le médecin généraliste : méthode et résultats.,"['Catherine Duclos', 'Jérôme Nobécourt']","['Duclos', 'Nobécourt']","['Catherine', 'Jerome']","[2, 1]","['2008', '2008']","['Female', 'Male']","[nan, 'Male']"
Modeling Social Information Skills.,['Daniel Memmi'],['Memmi'],['Daniel'],[1],['2007'],['Male'],['Male']
"Modèle de contexte de collaboration : pour qui, pourquoi, comment?",['Elsa Negre'],['Negre'],['Elsa'],[3],['2018'],['Female'],[nan]
Modèle de recherche d'information sémantique en graphe : interrogation par propagation d'activation.,"['Adeline Nazarenko', 'Ines Bannour']","['Nazarenko', 'Bannour']","['Adeline', 'Ines']","[3, 1]","['2017', '2017']","['Female', 'Female']","[nan, 'Female']"
Modèle termino-ontologique pour la collaboration entre communautés hétérogènes.,['Benjamin Diemert'],['Diemert'],['Benjamin'],[1],['2011'],['Male'],['Male']
Modèle unifié pour la recherche d'information sémantique.,"['Adeline Nazarenko', 'Ines Bannour']","['Nazarenko', 'Bannour']","['Adeline', 'Ines']","[3, 1]","['2016', '2016']","['Female', 'Female']","[nan, 'Female']"
Modélisation d'épisodes de conception d'observatoires à partir de corpus narratifs.,"['Christian Brassac', 'Florence Le Ber', 'Sandra Nogry']","['Brassac', 'Le', 'Nogry']","['Christian', 'Florence', 'Sandra']","[3, 2, 1]","['2007', '2007', '2007']","['Male', 'Female', 'Female']","[nan, nan, 'Female']"
Modélisation de Ressources Termino-Ontologiques en OWL.,"['Jérôme Thomas', 'Nathalie Aussenac-Gilles']","['Thomas', 'Aussenac-Gilles']","['Jerome', 'Nathalie']","[2, 3]","['2007', '2007']","['Male', 'Female']","[nan, nan]"
Modélisation de connaissances métier pour la classification de pièces de bois.,"['David Brie', 'Eric Masson', 'Vincent Bombardier']","['Brie', 'Masson', 'Bombardier']","['David', 'Eric', 'Vincent']","[3, 4, 2]","['2018', '2018', '2018']","['Male', 'Male', 'Male']","[nan, nan, nan]"
Modélisation des meta-données bibliographiques : une contribution in-trumentée destinée à améliorer la circulation des usagers dans les connaissances de la bibliothèque.,['Fabrice Papy'],['Papy'],['Fabrice'],[1],['2006'],['Male'],['Male']
Modélisation sociale d'une organisation et usage de son réseau.,"['Gaëlle Lortal', 'Juliette Mattioli', 'Étienne Deparis']","['Lortal', 'Mattioli', 'Deparis']","['Gaelle', 'Juliette', 'Etienne']","[3, 4, 1]","['2013', '2013', '2013']","['Female', 'Female', 'Male']","[nan, nan, 'Male']"
Modélisation systématique de recommandations de pratique clinique: une étude théorique et pratique sur la prise en charge de l'hypertension artérielle.,"['Brigitte Séroussi', 'Jacques Bouaud', 'Jacques Julien']","['Séroussi', 'Bouaud', 'Julien']","['Brigitte', 'Jacques', 'Jacques']","[1, 2, 4]","['2009', '2009', '2009']","['Female', 'Male', 'Male']","['Female', nan, nan]"
Modéliser les processus de création de la musique avec dispositif numérique : représenter pour rejouer et préserver les oeuvres contemporaines.,"['Alain Bonardi', 'Antoine Vincent', 'Bruno Bachimont']","['Bonardi', 'Vincent', 'Bachimont']","['Alain', 'Antoine', 'Bruno']","[3, 1, 2]","['2012', '2012', '2012']","['Male', 'Male', 'Male']","[nan, 'Male', nan]"
Modéliser les traces d'interaction pour raisonner à partir de l'expérience tracée.,"['Alain Mille', 'Amélie Cordier', 'Marie Lefèvre', 'Pierre-Antoine Champin']","['Mille', 'Cordier', 'Lefèvre', 'Champin']","['Alain', 'Amelie', 'Marie', 'Pierre-Antoine']","[4, 1, 2, 3]","['2013', '2013', '2013', '2013']","['Male', 'Female', 'Female', 'Male']","[nan, 'Female', nan, nan]"
Médecine factuelle et recommandations de bonne pratique : une extension du modèle classique pour expliquer les décisions médicales non conformes.,"['Brigitte Séroussi', 'Jacques Bouaud']","['Séroussi', 'Bouaud']","['Brigitte', 'Jacques']","[2, 1]","['2012', '2012']","['Female', 'Male']","[nan, 'Male']"
Méta-modèle général de description de ressources terminologiques et ontologiques.,['Jean Charlet'],['Charlet'],['Jean'],[2],['2009'],['Male'],[nan]
Méthodes d'extraction de réseaux sociaux et de diffusion de photos sociales.,"['Michel Crampes', 'Michel Plantié']","['Crampes', 'Plantié']","['Michel', 'Michel']","[1, 2]","['2011', '2011']","['Male', 'Male']","['Male', nan]"
Méthodes de mapping situées aux niveaux instance et schéma pour l'intégration de sources de données hétérogènes.,"['Julie Chabalier', 'Olivier Bodenreider']","['Chabalier', 'Bodenreider']","['Julie', 'Olivier']","[2, 3]","['2007', '2007']","['Female', 'Male']","[nan, nan]"
Nathalie Guin.,"['Amélie Cordier', 'Marie Lefèvre']","['Cordier', 'Lefèvre']","['Amelie', 'Marie']","[2, 1]","['2011', '2011']","['Female', 'Female']","[nan, 'Female']"
Nouvelle approche de recommandation personnalisée dans les folksonomies basée sur le profil des utilisateurs.,"['Engelbert Mephu Nguifo', 'Mohamed Nader Jelassi', 'Sadok Ben Yahia']","['Mephu', 'Nader', 'Ben']","['Engelbert', 'Mohamed', 'Sadok']","[3, 1, 2]","['2013', '2013', '2013']","['Male', 'Male', 'Male']","[nan, 'Male', nan]"
Nouvelle mesure de degré de relation sémantique pour une meilleur modularisation d'ontologies.,"['Nourhène Alaya', 'Sadok Ben Yahia']","['Alaya', 'Ben']","['Nourhene', 'Sadok']","[1, 2]","['2013', '2013']","['UKN', 'Male']","['UKN', nan]"
"OntoCoins : données ouvertes liées pour la numismatique, patrimoine culturel.","['Aurélien Pierre', 'Cédric Lopez', 'Dominique Hollard', 'Francis Couturas']","['Pierre', 'Lopez', 'Hollard', 'Couturas']","['Aurelien', 'Cedric', 'Dominique', 'Francis']","[6, 1, 5, 4]","['2017', '2017', '2017', '2017']","['Male', 'Male', 'Male', 'Male']","[nan, 'Male', nan, nan]"
OntoKADS : une ontologie générale de la résolution de problèmes.,"['Gilles Kassel', 'Gilles Morel', 'Sabine Bruaux']","['Kassel', 'Morel', 'Bruaux']","['Gilles', 'Gilles', 'Sabine']","[2, 3, 1]","['2006', '2006', '2006']","['Male', 'Male', 'Female']","[nan, nan, 'Female']"
Ontologie et TALN: l'anonymisation au service du repérage conceptuel dans le contexte de la SLA.,"['David Grabli', 'Jean Charlet', 'Marie-Christine Jaulent', 'Vincent Meininger', 'Xavier Aimé']","['Grabli', 'Charlet', 'Jaulent', 'Meininger', 'Aimé']","['David', 'Jean', 'Marie-Christine', 'Vincent', 'Xavier']","[5, 7, 3, 6, 4]","['2017', '2017', '2017', '2017', '2017']","['Male', 'Male', 'Female', 'Male', 'Male']","[nan, nan, nan, nan, nan]"
Ontologie modulaire pour la fabrication et l'exploitation de vêtements intelligents dédiés au sport.,"['Issam Rebaï', 'Maha Khemaja']","['Rebaï', 'Khemaja']","['Issam', 'Maha']","[2, 3]","['2017', '2017']","['Male', 'Female']","[nan, nan]"
Ontologie pour l'intégration de données d'observation de la Terre et contextuelles basée sur les relations topologiques.,"['Catherine Comparot', 'Nathalie Aussenac-Gilles']","['Comparot', 'Aussenac-Gilles']","['Catherine', 'Nathalie']","[3, 2]","['2018', '2018']","['Female', 'Female']","[nan, nan]"
Ontologies et Recherche d'Information : une application au diagnostic automobile.,"['Jérôme Thomas', 'Nathalie Aussenac-Gilles']","['Thomas', 'Aussenac-Gilles']","['Jerome', 'Nathalie']","[2, 3]","['2010', '2010']","['Male', 'Female']","[nan, nan]"
Ontologies et relations spatiales dans la lecture d'une bande dessinée.,"['Arnaud Revel', 'Clément Guérin']","['Revel', 'Guérin']","['Arnaud', 'Clement']","[4, 2]","['2012', '2012']","['Male', 'Male']","[nan, nan]"
Ontologies pour le Web 2.0.,"['Alexandre Passant', 'Philippe Laublet']","['Passant', 'Laublet']","['Alexandre', 'Philippe']","[1, 2]","['2008', '2008']","['Male', 'Male']","['Male', nan]"
Ontologies étendues pour l'annotation sémantique.,"['Adeline Nazarenko', 'Laurent Audibert']","['Nazarenko', 'Audibert']","['Adeline', 'Laurent']","[3, 2]","['2009', '2009']","['Female', 'Male']","[nan, nan]"
Ontopy : programmation orientée ontologie en Python.,['Hélène Berthelot'],['Berthelot'],['Helene'],[2],['2015'],['Female'],[nan]
Optimiser le processus d'innovation grâce aux traces informatiques d'usages.,"['Julien Nelson', 'William Turner']","['Nelson', 'Turner']","['Julien', 'William']","[3, 4]","['2010', '2010']","['Male', 'Male']","[nan, nan]"
Opérationnalisation d'un modèle sémantique du contexte pour l'apprentissage en mobilité.,['Dominique Lenne'],['Lenne'],['Dominique'],[2],['2012'],['Male'],[nan]
Organisation de communautés et équilibre de Nash.,"['Michel Crampes', 'Michel Plantié']","['Crampes', 'Plantié']","['Michel', 'Michel']","[1, 2]","['2014', '2014']","['Male', 'Male']","['Male', nan]"
Outil de gestion des connaissances d'une Interconnexion de Communautés de Pratique.,"['Patrick Prévôt', 'Sébastien George', 'Élise Garrot-Lavoué']","['Prévôt', 'George', 'Garrot-Lavoué']","['Patrick', 'Sebastien', 'Elise']","[3, 2, 1]","['2009', '2009', '2009']","['Male', 'Male', 'Female']","[nan, nan, 'Female']"
PERSOREC : un système personnalisé de recommandations pour les folksonomies basé sur les concepts quadratiques.,"['Engelbert Mephu Nguifo', 'Engelbert Mephu Nguifo', 'Mohamed Nader Jelassi', 'Mohamed Nader Jelassi', 'Sadok Ben Yahia', 'Sadok Ben Yahia']","['Mephu', 'Mephu', 'Nader', 'Nader', 'Ben', 'Ben']","['Engelbert', 'Engelbert', 'Mohamed', 'Mohamed', 'Sadok', 'Sadok']","[3, 3, 1, 1, 2, 2]","['2016', '2015', '2016', '2015', '2016', '2015']","['Male', 'Male', 'Male', 'Male', 'Male', 'Male']","[nan, nan, 'Male', 'Male', nan, nan]"
PEW : un outil d'aide à la conception d'ontologies par l'exploration des mondes possibles.,['Sébastien Ferré'],['Ferré'],['Sebastien'],[1],['2015'],['Male'],['Male']
Partage d'expériences entre utilisateurs différents : Adaptation des modalités d'interaction.,['Karim Sehaba'],['Sehaba'],['Karim'],[1],['2011'],['Male'],['Male']
"Partition et recouvrement de communautés dans les graphes bipartis, unipartis et orientés.","['Michel Crampes', 'Michel Plantié']","['Crampes', 'Plantié']","['Michel', 'Michel']","[1, 2]","['2013', '2013']","['Male', 'Male']","['Male', nan]"
Passage de la langue naturelle à une requête SPARQL dans le système SWIP.,"['Nathalie Hernandez', 'Ollivier Haemmerlé']","['Hernandez', 'Haemmerlé']","['Nathalie', 'Ollivier']","[3, 2]","['2013', '2013']","['Female', 'Male']","[nan, nan]"
Patrons de gestion des changements OWL.,"['Marie-Aude Aufaure', 'Rim Djedidi']","['Aufaure', 'Djedidi']","['Marie-Aude', 'Rim']","[2, 1]","['2009', '2009']","['Female', 'UKN']","[nan, 'UKN']"
Peuplement automatique d'ontologie à partir d'un catalogue de produits.,"['Brigitte Safar', 'Chantal Reynaud', 'Céline Alec']","['Safar', 'Reynaud', 'Alec']","['Brigitte', 'Chantal', 'Celine']","[2, 3, 1]","['2014', '2014', '2014']","['Female', 'Female', 'Female']","[nan, nan, 'Female']"
Peuplement d'une base de connaissance par annotation automatique de textes relatifs à la cosmétique.,"['Catherine Faron-Zucker', 'Cédric Lopez', 'Fabien Gandon', 'Frédérique Segond']","['Faron-Zucker', 'Lopez', 'Gandon', 'Segond']","['Catherine', 'Cedric', 'Fabien', 'Frederique']","[3, 2, 5, 6]","['2017', '2017', '2017', '2017']","['Female', 'Male', 'Male', 'UKN']","[nan, nan, nan, nan]"
Plateforme d'interopérabilité sémantique gérant les terminologies d'interface au sein d'un territoire de santé numérique.,"['Christel Daniel', 'David Ouagne', 'Eric Sadou', 'Jean Charlet', 'Lamine Traore', 'Nicolas Griffon', 'Stéfan Jacques Darmoni', 'Éric Lepage']","['Daniel', 'Ouagne', 'Sadou', 'Charlet', 'Traore', 'Griffon', 'Jacques', 'Lepage']","['Christel', 'David', 'Eric', 'Jean', 'Lamine', 'Nicolas', 'Stefan', 'Eric']","[10, 8, 7, 6, 1, 4, 5, 9]","['2014', '2014', '2014', '2014', '2014', '2014', '2014', '2014']","['Female', 'Male', 'Male', 'Male', 'Female', 'Male', 'Male', 'Male']","[nan, nan, nan, nan, 'Female', nan, nan, nan]"
Pourquoi les médecins ne suivent-ils pas les systèmes de recommandations de bonnes pratiques ? une hypothèse liée à l'utilisabilité évaluée avec le mode guidé d'ASTI.,"['Brigitte Séroussi', 'Dominique Sauquet', 'Jacques Bouaud', 'Jacques Julien', 'Philippe Cornet', 'Philippe Giral']","['Séroussi', 'Sauquet', 'Bouaud', 'Julien', 'Cornet', 'Giral']","['Brigitte', 'Dominique', 'Jacques', 'Jacques', 'Philippe', 'Philippe']","[7, 2, 1, 4, 5, 3]","['2010', '2010', '2010', '2010', '2010', '2010']","['Female', 'Male', 'Male', 'Male', 'Male', 'Male']","[nan, nan, 'Male', nan, nan, nan]"
Premiers pas vers une ontologie générale des programmes informatiques.,"['Anne Lapujade', 'Frédéric Fürst', 'Gilles Kassel', 'Pascal Lando']","['Lapujade', 'Fürst', 'Kassel', 'Lando']","['Anne', 'Frederic', 'Gilles', 'Pascal']","[4, 2, 3, 1]","['2007', '2007', '2007', '2007']","['Female', 'Male', 'Male', 'Male']","[nan, nan, nan, 'Male']"
Prescrire une modélisation par les patrons : exemple des patrons de création pour la représentation des processus de production sonore.,"['Alain Bonardi', 'Antoine Vincent', 'Bruno Bachimont']","['Bonardi', 'Vincent', 'Bachimont']","['Alain', 'Antoine', 'Bruno']","[3, 1, 2]","['2013', '2013', '2013']","['Male', 'Male', 'Male']","[nan, 'Male', nan]"
ProVoc : une ontologie pour décrire des produits sur le Web.,"['Cédric Lopez', 'Fabien Gandon', 'Frédérique Segond']","['Lopez', 'Gandon', 'Segond']","['Cedric', 'Fabien', 'Frederique']","[1, 5, 4]","['2016', '2016', '2016']","['Male', 'Male', 'UKN']","['Male', nan, nan]"
Processus de génération d'une animation en 3 dimensions à partir d'un texte.,['Nicolas Kamennoff'],['Kamennoff'],['Nicolas'],[1],['2008'],['Male'],['Male']
Profils patients associés à la non conformité des décisions aux recommandations de prise en charge thérapeutique des cancers du sein : utilisation de l'analyse de concepts formels.,"['Brigitte Séroussi', 'Cédric Laouenan', 'Jacques Bouaud']","['Séroussi', 'Laouenan', 'Bouaud']","['Brigitte', 'Cedric', 'Jacques']","[1, 3, 5]","['2013', '2013', '2013']","['Female', 'Male', 'Male']","['Female', nan, nan]"
"Programmer le web de données avec un ""wiki-based IDE"".","['Amel Ben Othmane', 'Michel Buffa', 'Pavel Arapov']","['Ben', 'Buffa', 'Arapov']","['Amel', 'Michel', 'Pavel']","[3, 2, 1]","['2014', '2014', '2014']","['Male', 'Male', 'Male']","[nan, nan, 'Male']"
Projet OrphaOnto - Première étape de l'ontologisation des bases de connaissances d'Orphanet.,"['Annie Olry', 'Bruno Urbero', 'Jean Charlet', 'Marc Hanauer']","['Olry', 'Urbero', 'Charlet', 'Hanauer']","['Annie', 'Bruno', 'Jean', 'Marc']","[5, 6, 7, 4]","['2011', '2011', '2011', '2011']","['Female', 'Male', 'Male', 'Male']","[nan, nan, nan, nan]"
"Projet VisaTM : l'interconnexion OpenMinTeD - AgroPortal - ISTEX, un exemple de service de Text et Data Mining pour les scientifiques français.","['Anne Toulet', 'Claire François', 'Claire Nédellec', 'Clement Jonquet', 'Sophie Aubin', 'Stéphane Schneider']","['Toulet', 'François', 'Nédellec', 'Jonquet', 'Aubin', 'Schneider']","['Anne', 'Claire', 'Claire', 'Clement', 'Sophie', 'Stephane']","[8, 5, 9, 6, 3, 2]","['2018', '2018', '2018', '2018', '2018', '2018']","['Female', 'Female', 'Female', 'Male', 'Female', 'Male']","[nan, nan, nan, nan, nan, nan]"
"Prédire l'intensité de contradiction dans les commentaires : faible, forte ou très forte?",['Sébastien Fournier'],['Fournier'],['Sebastien'],[2],['2018'],['Male'],[nan]
"Publication, partage et réutilisation de règles sur le web de données.","['Catherine Faron-Zucker', 'Olivier Corby']","['Faron-Zucker', 'Corby']","['Catherine', 'Olivier']","[2, 3]","['2014', '2014']","['Female', 'Male']","[nan, nan]"
"Qu'est-ce qu'un tag ? Entre accès et libellés, l'esquisse d'une caractérisation.",['Alexandre Monnin'],['Monnin'],['Alexandre'],[1],['2009'],['Male'],['Male']
Quelle documentation pour l'archivage du web ?,"['Bruno Bachimont', 'Nicolas Delaforge']","['Bachimont', 'Delaforge']","['Bruno', 'Nicolas']","[2, 1]","['2007', '2007']","['Male', 'Male']","[nan, 'Male']"
Quelques enseignements tirés de l'application de la Competence-based Knowledge Space Theory aux Serious Games.,['Jean-Marc Labat'],['Labat'],['Jean-Marc'],[3],['2015'],['Male'],[nan]
Quels sont les patients atteints d'un cancer du sein dont la décision de prise en charge thérapeutique bénéficie de l'utilisation d'un système d'aide à la décision ? Un exemple utilisant la fouille de données et OncoDoc2.,"['Alexandra Rousseau', 'Arnaud Soulet', 'Brigitte Blaszka-Jaulerry', 'Brigitte Séroussi', 'Christophe Tournigand', 'Isabelle Cojean-Zelek', 'Jacques Bouaud', 'Jean-Philippe Spano', 'Jean-Pierre Lefranc', 'Laurent Zelek']","['Rousseau', 'Soulet', 'Blaszka-Jaulerry', 'Séroussi', 'Tournigand', 'Cojean-Zelek', 'Bouaud', 'Spano', 'Lefranc', 'Zelek']","['Alexandra', 'Arnaud', 'Brigitte', 'Brigitte', 'Christophe', 'Isabelle', 'Jacques', 'Jean-Philippe', 'Jean-Pierre', 'Laurent']","[11, 2, 6, 12, 9, 5, 1, 3, 4, 7]","['2014', '2014', '2014', '2014', '2014', '2014', '2014', '2014', '2014', '2014']","['Female', 'Male', 'Female', 'Female', 'Male', 'Female', 'Male', 'Male', 'Male', 'Male']","[nan, nan, nan, nan, nan, nan, 'Male', nan, nan, nan]"
RDF triples management in roStore.,"['Cheikh Thiam', 'David Faye', 'Guillaume Blin', 'Olivier Curé']","['Thiam', 'Faye', 'Blin', 'Curé']","['Cheikh', 'David', 'Guillaume', 'Olivier']","[4, 1, 3, 2]","['2011', '2011', '2011', '2011']","['Male', 'Male', 'Male', 'Male']","[nan, 'Male', nan, nan]"
REVIVOS: REalité VIrtuelle pour la construction de VOcabulaires Spécialisés.,"['Claire Toffano-Nioche', 'Nicolas Férey', 'Oriane Matte-Tailliez', 'Rachid Gherbi', 'William A. Turner']","['Toffano-Nioche', 'Férey', 'Matte-Tailliez', 'Gherbi', 'A.']","['Claire', 'Nicolas', 'Oriane', 'Rachid', 'William']","[2, 1, 3, 4, 5]","['2007', '2007', '2007', '2007', '2007']","['Female', 'Male', 'Male', 'Male', 'Male']","[nan, 'Male', nan, nan, nan]"
Raisonner sur des connaissances provenant d'une e-communauté.,"['Emmanuel Nauer', 'Emmanuelle Gaillard', 'Jean Lieber', 'Yannick Naudet']","['Nauer', 'Gaillard', 'Lieber', 'Naudet']","['Emmanuel', 'Emmanuelle', 'Jean', 'Yannick']","[4, 1, 2, 3]","['2013', '2013', '2013', '2013']","['Male', 'Female', 'Male', 'Male']","[nan, 'Female', nan, nan]"
Rapprocher les ontologies et les folksonomies pour la gestion des connaissances partagées : un état de l'art.,"['Fabien Gandon', 'Freddy Limpens', 'Michel Buffa']","['Gandon', 'Limpens', 'Buffa']","['Fabien', 'Freddy', 'Michel']","[2, 1, 3]","['2008', '2008', '2008']","['Male', 'Male', 'Male']","[nan, 'Male', nan]"
Recherche collaborative de documents : comparaison assistance humaine/automatique.,"['Guillaume Dubuisson Duplessis', 'Jean-Philippe Kotowicz', 'Laurent Vercouter', 'Nathalie Chaignaud']","['Dubuisson', 'Kotowicz', 'Vercouter', 'Chaignaud']","['Guillaume', 'Jean-Philippe', 'Laurent', 'Nathalie']","[2, 4, 5, 3]","['2016', '2016', '2016', '2016']","['Male', 'Male', 'Male', 'Female']","[nan, nan, nan, nan]"
Recherche et échange de connaissances dans des équipes distribuées.,['Charles Delalonde'],['Delalonde'],['Charles'],[1],['2007'],['Male'],['Male']
Recommandation argumentée de ressources pédagogiques au sein d'un écosystème apprenant.,['Chahrazed Mediani'],['Mediani'],['Chahrazed'],[1],['2016'],['Male'],['Male']
Recommandation de ressources pédagogiques au sein d'un système de systèmes d'information.,"['Elsa Negre', 'Mohamed Ali Ben Ameur']","['Negre', 'Ali']","['Elsa', 'Mohamed']","[4, 1]","['2017', '2017']","['Female', 'Male']","[nan, 'Male']"
Redocumentation des traces d'activité médiée informatiquement dans le cadre des transactions communicationnelles.,"['Leila Yahiaoui', 'Yannick Prié']","['Yahiaoui', 'Prié']","['Leila', 'Yannick']","[1, 2]","['2008', '2008']","['Female', 'Male']","['Female', nan]"
Rendre interactive la découverte d'automates à partir de traces d'activités.,"['Alain Mille', 'Benoît Mathern', 'Thierry Bellet']","['Mille', 'Mathern', 'Bellet']","['Alain', 'Benoit', 'Thierry']","[2, 1, 3]","['2011', '2011', '2011']","['Male', 'Male', 'Male']","[nan, 'Male', nan]"
Représentation des Connaissances dans un Langage Visuel Typé : une Première Approche.,"['Denis Parade', 'Florence Dupin de Saint-Cyr']","['Parade', 'Dupin']","['Denis', 'Florence']","[2, 1]","['2018', '2018']","['Male', 'Female']","[nan, 'Female']"
Représentation holistique des projets de construction à l'aide de modèles relationnels probabilistes.,"['Cédric Baudrit', 'Denis Breysse', 'Franck Taillandier']","['Baudrit', 'Breysse', 'Taillandier']","['Cedric', 'Denis', 'Franck']","[1, 4, 3]","['2016', '2016', '2016']","['Male', 'Male', 'Male']","['Male', nan, nan]"
Représentation systémique multi-échelle des processus biologiques de la bactérie.,"['Anne Goelzer', 'Arnaud Ferré', 'Christine Froidevaux', 'Jean-François Gibrat', 'Marc Dinh', 'Sabine Peres', 'Sandra Dérozier', 'Sarah Cohen Boulakia', 'Vincent Fromion', 'Vincent Henry']","['Goelzer', 'Ferré', 'Froidevaux', 'Gibrat', 'Dinh', 'Peres', 'Dérozier', 'Cohen', 'Fromion', 'Henry']","['Anne', 'Arnaud', 'Christine', 'Jean-Francois', 'Marc', 'Sabine', 'Sandra', 'Sarah', 'Vincent', 'Vincent']","[4, 2, 3, 11, 8, 13, 7, 6, 5, 1]","['2016', '2016', '2016', '2016', '2016', '2016', '2016', '2016', '2016', '2016']","['Female', 'Male', 'Female', 'Male', 'Male', 'Female', 'Female', 'Female', 'Male', 'Male']","[nan, nan, nan, nan, nan, nan, nan, nan, nan, 'Male']"
Réconciliation d'alignements multi-lingues dans BioPortal.,"['Clément Jonquet', 'Vincent Emonet']","['Jonquet', 'Emonet']","['Clement', 'Vincent']","[4, 2]","['2016', '2016']","['Male', 'Male']","[nan, nan]"
Réconcilier les événements dans le web de données.,['Raphaël Troncy'],['Troncy'],['Raphael'],[2],['2011'],['Male'],[nan]
Réutilisation de patrons d'adaptation - Application aux systèmes hypermédia adaptatifs.,['Chantal Reynaud'],['Reynaud'],['Chantal'],[3],['2010'],['Female'],[nan]
"Rôle d'une base de connaissance dans SemIoTics, un système autonome contrôlant un appartement connecté.","['Khalil Drira', 'Nathalie Hernandez', 'Nicolas Seydoux', 'Thierry Monteil 0001']","['Drira', 'Hernandez', 'Seydoux', 'Monteil']","['Khalil', 'Nathalie', 'Nicolas', 'Thierry']","[2, 3, 1, 4]","['2016', '2016', '2016', '2016']","['Male', 'Female', 'Male', 'Male']","[nan, nan, 'Male', nan]"
SEMIOSEM : une mesure de similarité conceptuelle fondée sur une approche sémiotique.,"['Francky Trichet', 'Frédéric Fürst', 'Pascale Kuntz', 'Xavier Aimé']","['Trichet', 'Fürst', 'Kuntz', 'Aimé']","['Francky', 'Frederic', 'Pascale', 'Xavier']","[4, 2, 3, 1]","['2009', '2009', '2009', '2009']","['Male', 'Male', 'Female', 'Male']","[nan, nan, nan, 'Male']"
SPARE-LNC : un langage naturel contrôlé pour l'interrogation de traces d'interactions stockées dans une base RDF.,"['Marie Lefèvre', 'Nathalie Guin', 'Pierre-Antoine Champin']","['Lefèvre', 'Guin', 'Champin']","['Marie', 'Nathalie', 'Pierre-Antoine']","[2, 3, 4]","['2015', '2015', '2015']","['Female', 'Female', 'Male']","[nan, nan, nan]"
SPARQL Template : un langage de pretty printing pour RDF.,"['Catherine Faron-Zucker', 'Olivier Corby']","['Faron-Zucker', 'Corby']","['Catherine', 'Olivier']","[2, 1]","['2014', '2014']","['Female', 'Male']","[nan, 'Male']"
SemMEP : Nouvelle approche sémantique pour la détection des communautés dans un réseau social.,"['Lotfi Ben Romdhane', 'Mounira Harzallah', 'Sami Ben Amor']","['Ben', 'Harzallah', 'Ben']","['Lotfi', 'Mounira', 'Sami']","[2, 3, 1]","['2016', '2016', '2016']","['Male', 'Female', 'Male']","[nan, nan, 'Male']"
SemioSem et ProxSem : mesures sémiotiques de similarité et de proximité conceptuelles.,"['Francky Trichet', 'Frédéric Fürst', 'Pascale Kuntz', 'Xavier Aimé']","['Trichet', 'Fürst', 'Kuntz', 'Aimé']","['Francky', 'Frederic', 'Pascale', 'Xavier']","[4, 2, 3, 1]","['2011', '2011', '2011', '2011']","['Male', 'Male', 'Female', 'Male']","[nan, nan, nan, 'Male']"
Social bookmarking et tags structurés.,"['Benjamin Huynh-Kim-Bang', 'Eric Dané']","['Huynh-Kim-Bang', 'Dané']","['Benjamin', 'Eric']","[1, 2]","['2008', '2008']","['Male', 'Male']","['Male', nan]"
Soutenir la coopération par l'indexation semi-automatique d'annotations.,"['Gaëlle Lortal', 'Myriam Lewkowicz']","['Lortal', 'Lewkowicz']","['Gaelle', 'Myriam']","[1, 3]","['2006', '2006']","['Female', 'Female']","['Female', nan]"
Structuration sémantique des sensations tactiles.,"['Bruno Albert', 'Cecilia Zanni-Merk', 'Christophe Knecht', 'François de Bertrand de Beuvron', 'Julien Charrier']","['Albert', 'Zanni-Merk', 'Knecht', 'de', 'Charrier']","['Bruno', 'Cecilia', 'Christophe', 'Francois', 'Julien']","[1, 2, 7, 3, 6]","['2016', '2016', '2016', '2016', '2016']","['Male', 'Female', 'Male', 'Male', 'Male']","['Male', nan, nan, nan, nan]"
Suis-je celui que je prétends être ?,"['Olivier Coupelon', 'Olivier Raynaud', 'Yannick Loiseau']","['Coupelon', 'Raynaud', 'Loiseau']","['Olivier', 'Olivier', 'Yannick']","[2, 4, 3]","['2014', '2014', '2014']","['Male', 'Male', 'Male']","[nan, nan, nan]"
Suivi et détection des idéations suicidaires dans les médias sociaux.,"['Jérôme Azé', 'Sandra Bringay']","['Azé', 'Bringay']","['Jerome', 'Sandra']","[2, 3]","['2017', '2017']","['Male', 'Female']","[nan, nan]"
Swip : une interface langue naturelle à SPARQL programmée en SPARQL.,"['Nathalie Hernandez', 'Ollivier Haemmerlé']","['Hernandez', 'Haemmerlé']","['Nathalie', 'Ollivier']","[3, 2]","['2014', '2014']","['Female', 'Male']","[nan, nan]"
Système de collecte de données Web pour analyser l'émergence et la propagation de maladies animales.,"['Barbara Dufour', 'David Chavernac', 'Julien Rabatel', 'Mathieu Roche', 'Pascal Hendrikx', 'Sylvain Falala', 'Thierry Lefrancois']","['Dufour', 'Chavernac', 'Rabatel', 'Roche', 'Hendrikx', 'Falala', 'Lefrancois']","['Barbara', 'David', 'Julien', 'Mathieu', 'Pascal', 'Sylvain', 'Thierry']","[9, 6, 5, 4, 7, 1, 8]","['2016', '2016', '2016', '2016', '2016', '2016', '2016']","['Female', 'Male', 'Male', 'Male', 'Male', 'Male', 'Male']","[nan, nan, nan, nan, nan, 'Male', nan]"
Système de systèmes d'information et écosystème apprenant.,['Mohamed Ali Ben Ameur'],['Ali'],['Mohamed'],[2],['2017'],['Male'],[nan]
Sémantique des folksonomies: structuration collaborative et assistée.,"['Fabien Gandon', 'Freddy Limpens', 'Michel Buffa']","['Gandon', 'Limpens', 'Buffa']","['Fabien', 'Freddy', 'Michel']","[2, 1, 3]","['2009', '2009', '2009']","['Male', 'Male', 'Male']","[nan, 'Male', nan]"
Sémantique et Internet des objets : d'un état de l'art à une ontologie modulaire.,"['Nathalie Hernandez', 'Nicolas Seydoux', 'Ollivier Haemmerlé', 'Thierry Monteil 0001']","['Hernandez', 'Seydoux', 'Haemmerlé', 'Monteil']","['Nathalie', 'Nicolas', 'Ollivier', 'Thierry']","[3, 1, 5, 4]","['2015', '2015', '2015', '2015']","['Female', 'Male', 'Male', 'Male']","[nan, 'Male', nan, nan]"
TELEOS : de l'analyse de l'activité professionnelle à la formalisation des connaissances pour un environnement d'apprentissage.,['Michel Dubois'],['Dubois'],['Michel'],[3],['2006'],['Male'],[nan]
Techniques de gestion et d'ingénierie des connaissances pour la conception des dispositifs de transfert de savoir-faire dans les métiers pétroliers.,['Jean-Louis Ermine'],['Ermine'],['Jean-Louis'],[2],['2006'],['Male'],[nan]
Titrage automatique de documents électroniques par extraction de syntagmes nominaux.,"['Cédric Lopez', 'Mathieu Roche', 'Violaine Prince']","['Lopez', 'Roche', 'Prince']","['Cedric', 'Mathieu', 'Violaine']","[1, 3, 2]","['2010', '2010', '2010']","['Male', 'Male', 'Female']","['Male', nan, nan]"
Trace replay with change propagation impact in client/server applications.,"['Alain Mille', 'Amélie Cordier']","['Mille', 'Cordier']","['Alain', 'Amelie']","[4, 2]","['2011', '2011']","['Male', 'Female']","[nan, nan]"
Traces et inscriptions de connaissances.,"['Alain Mille', 'Julien Laflaquière', 'Lotfi Sofiane Settouti', 'Yannick Prié']","['Mille', 'Laflaquière', 'Sofiane', 'Prié']","['Alain', 'Julien', 'Lotfi', 'Yannick']","[4, 1, 2, 3]","['2007', '2007', '2007', '2007']","['Male', 'Male', 'Male', 'Male']","[nan, 'Male', nan, nan]"
Traitement d'attributs inter-dépendants pour la recherche d'information par treillis.,"['Amedeo Napoli', 'Malika Smaïl-Tabbone']","['Napoli', 'Smaïl-Tabbone']","['Amedeo', 'Malika']","[3, 4]","['2007', '2007']","['Male', 'Female']","[nan, nan]"
Traitement des incompatibilités de candidats issus d'alignements entre plusieurs bases de connaissances.,"['Catherine Roussey', 'Fabien Amarger', 'Jean-Pierre Chanet', 'Nathalie Hernandez', 'Ollivier Haemmerlé']","['Roussey', 'Amarger', 'Chanet', 'Hernandez', 'Haemmerlé']","['Catherine', 'Fabien', 'Jean-Pierre', 'Nathalie', 'Ollivier']","[5, 1, 2, 4, 3]","['2015', '2015', '2015', '2015', '2015']","['Female', 'Male', 'Male', 'Female', 'Male']","[nan, 'Male', nan, nan, nan]"
"Tâche, domaine et application : influences sur le processus de modélisation de connaissances.","['Jérôme Thomas', 'Nathalie Aussenac-Gilles']","['Thomas', 'Aussenac-Gilles']","['Jerome', 'Nathalie']","[3, 2]","['2006', '2006']","['Male', 'Female']","[nan, nan]"
Un bouquet de théories pour une plateforme de décision stratégique à base de réseaux sociaux.,"['Claire Laudy', 'Gaëlle Lortal', 'Juliette Mattioli', 'Étienne Deparis']","['Laudy', 'Lortal', 'Mattioli', 'Deparis']","['Claire', 'Gaelle', 'Juliette', 'Etienne']","[3, 1, 5, 2]","['2013', '2013', '2013', '2013']","['Female', 'Female', 'Female', 'Male']","[nan, 'Female', nan, nan]"
Un jeu de données d'évaluation de correspondances complexes entre ontologies.,"['Nathalie Hernandez', 'Ollivier Haemmerlé']","['Hernandez', 'Haemmerlé']","['Nathalie', 'Ollivier']","[3, 2]","['2017', '2017']","['Female', 'Male']","[nan, nan]"
Un modèle d'annotation sémantique centré sur les utilisateurs de documents scientifiques : cas d'utilisation dans les études genre.,"['Gilles Falquet', 'Hélène de Ribaupierre']","['Falquet', 'de']","['Gilles', 'Helene']","[2, 1]","['2014', '2014']","['Male', 'Female']","[nan, 'Female']"
Un modèle d'index pour la résolution distribuée de requêtes sur un nombre restreint de bases d'annotations RDF.,"['Cheikh Niang', 'Fabien Gandon', 'Moussa Lo']","['Niang', 'Gandon', 'Lo']","['Cheikh', 'Fabien', 'Moussa']","[3, 1, 2]","['2008', '2008', '2008']","['Male', 'Male', 'Male']","[nan, 'Male', nan]"
Un modèle de connaissances pour mesurer la qualité d'une source d'information.,"['Christel Daniel', 'Marie-Christine Jaulent', 'Omar Boussaïd', 'Rémy Choquet']","['Daniel', 'Jaulent', 'Boussaïd', 'Choquet']","['Christel', 'Marie-Christine', 'Omar', 'Remy']","[4, 6, 5, 1]","['2010', '2010', '2010', '2010']","['Female', 'Female', 'Male', 'Male']","[nan, nan, nan, 'Male']"
Un modèle de recommandation contextuel pour la prédiction des intérêts des consommateurs sur le Web.,"['Hajer Baazaoui Zghal', 'Henda Ben Ghézala', 'Mohamed Ramzi Haddad']","['Baazaoui', 'Ben', 'Ramzi']","['Hajer', 'Henda', 'Mohamed']","[2, 4, 1]","['2015', '2015', '2015']","['Female', 'Female', 'Male']","[nan, nan, 'Male']"
Un modèle pour la représentation des connaissances temporelles dans les documents historiques.,['Gilles Falquet'],['Falquet'],['Gilles'],[2],['2017'],['Male'],[nan]
Un moteur sémantique pour explorer des textes réglementaires.,"['Adeline Nazarenko', 'François Lévy']","['Nazarenko', 'Lévy']","['Adeline', 'Francois']","[3, 2]","['2011', '2011']","['Female', 'Male']","[nan, nan]"
Un navigateur pour les données liées du Web.,"['Catherine Faron-Zucker', 'Olivier Corby']","['Faron-Zucker', 'Corby']","['Catherine', 'Olivier']","[2, 1]","['2015', '2015']","['Female', 'Male']","[nan, 'Male']"
Un outil d'extraction interactive de connaissances à partir de traces : Transmute.,"['Amélie Cordier', 'Béatrice Fuchs']","['Cordier', 'Fuchs']","['Amelie', 'Beatrice']","[2, 3]","['2015', '2015']","['Female', 'Female']","[nan, nan]"
Un outil de catégorisation conceptuelle des formations professionnelles.,"['Christophe Blondeau', 'Mohamed Nader Jelassi', 'Sylvie Ranwez', 'Sébastien Harispe']","['Blondeau', 'Nader', 'Ranwez', 'Harispe']","['Christophe', 'Mohamed', 'Sylvie', 'Sebastien']","[5, 1, 2, 3]","['2017', '2017', '2017', '2017']","['Male', 'Male', 'Female', 'Male']","[nan, 'Male', nan, nan]"
Un système expert d'aide à la classification taxonomique de classes de descripteurs.,['Marc Caillet'],['Caillet'],['Marc'],[1],['2007'],['Male'],['Male']
Un wiki/IDE pour exploiter le web de données.,"['Amel Ben Othmane', 'Michel Buffa', 'Pavel Arapov']","['Ben', 'Buffa', 'Arapov']","['Amel', 'Michel', 'Pavel']","[2, 3, 1]","['2014', '2014', '2014']","['Male', 'Male', 'Male']","[nan, nan, 'Male']"
Un éditeur de définitions formelles pour les connaissances lexicales de la théorie Sens-Texte.,"['Alain Giboin', 'Fabien Gandon', 'Romain Gugert']","['Giboin', 'Gandon', 'Gugert']","['Alain', 'Fabien', 'Romain']","[3, 2, 4]","['2014', '2014', '2014']","['Male', 'Male', 'Male']","[nan, nan, nan]"
Une Base de Connaissances Opérationnelle pour la Conception Inventive.,"['Cecilia Zanni-Merk', 'François Rousselot', 'François de Bertrand de Beuvron']","['Zanni-Merk', 'Rousselot', 'de']","['Cecilia', 'Francois', 'Francois']","[3, 1, 2]","['2011', '2011', '2011']","['Female', 'Male', 'Male']","[nan, 'Male', nan]"
Une alternative à la distinction 'continuant' vs 'occurrent'.,['Gilles Kassel'],['Kassel'],['Gilles'],[1],['2018'],['Male'],['Male']
Une approche hybride pour la détection d'influenceurs dans les médias sociaux.,"['Cédric Lopez', 'Frédérique Segond']","['Lopez', 'Segond']","['Cedric', 'Frederique']","[2, 4]","['2017', '2017']","['Male', 'UKN']","[nan, nan]"
Une approche ontologique pour formaliser la connaissance experte dans le modèle du contrôle de conformité en construction.,"['Alain Zarli', 'Catherine Faron-Zucker', 'Isabelle Mirbel', 'Nhan Le Thanh']","['Zarli', 'Faron-Zucker', 'Mirbel', 'Le']","['Alain', 'Catherine', 'Isabelle', 'Nhan']","[6, 2, 3, 5]","['2008', '2008', '2008', '2008']","['Male', 'Female', 'Female', 'Male']","[nan, nan, nan, nan]"
Une approche ontologique pour l'exploitation de données cliniques.,"['Jean Charlet', 'Marie-Christine Jaulent', 'Rémy Choquet']","['Charlet', 'Jaulent', 'Choquet']","['Jean', 'Marie-Christine', 'Remy']","[4, 5, 3]","['2010', '2010', '2010']","['Male', 'Female', 'Male']","[nan, nan, nan]"
Une approche pour la validation du contenu d'une ontologie par un système à base de questions/réponses.,"['Asma Ben Abacha', 'Cédric Pruski']","['Ben', 'Pruski']","['Asma', 'Cedric']","[1, 3]","['2013', '2013']","['Female', 'Male']","['Female', nan]"
Une assistance générique pour les utilisateurs d'applications fortement orientées connaissances.,['Pierre-Antoine Champin'],['Champin'],['Pierre-Antoine'],[3],['2012'],['Male'],[nan]
Une démarche de conception de services d'information et de communication dédiés aux communautés d'aidants.,"['Matthieu Tixier', 'Myriam Lewkowicz']","['Tixier', 'Lewkowicz']","['Matthieu', 'Myriam']","[1, 2]","['2009', '2009']","['Male', 'Female']","['Male', nan]"
Une expérience originale de test automatisé d'un système d'aide à la décision clinique basé sur les guides de bonnes pratiques.,"['Alain Venot', 'Jérôme Nobécourt']","['Venot', 'Nobécourt']","['Alain', 'Jerome']","[3, 4]","['2007', '2007']","['Male', 'Male']","[nan, nan]"
Une modélisation qualitative de la plausibilité du diagnostic de pneumopathie médicamenteuse.,"['Brigitte Séroussi', 'Charles Mayaud', 'Jacques Bouaud']","['Séroussi', 'Mayaud', 'Bouaud']","['Brigitte', 'Charles', 'Jacques']","[1, 4, 2]","['2007', '2007', '2007']","['Female', 'Male', 'Male']","['Female', nan, nan]"
Une méthode de débogage d'ontologies OWL basées sur la détection d'antipatrons.,"['Catherine Roussey', 'François Scharffe']","['Roussey', 'Scharffe']","['Catherine', 'Francois']","[1, 2]","['2010', '2010']","['Female', 'Male']","['Female', nan]"
Une ontologie de services pour la représentation de la sémantique d'un environnement virtuel urbain.,"['Jean-Yves Donnart', 'Nicolas Sabouret']","['Donnart', 'Sabouret']","['Jean-Yves', 'Nicolas']","[3, 2]","['2013', '2013']","['Male', 'Male']","[nan, nan]"
Une ontologie de techniques de visualisation d'informations: application aux modèles urbains 3D enrichis.,['Gilles Falquet'],['Falquet'],['Gilles'],[4],['2013'],['Male'],[nan]
Une ontologie documentaire pour l'accès aux contenus juridiques.,"['Adeline Nazarenko', 'Nada Mimouni', 'Sylvie Salotti']","['Nazarenko', 'Mimouni', 'Salotti']","['Adeline', 'Nada', 'Sylvie']","[2, 1, 3]","['2015', '2015', '2015']","['Female', 'Female', 'Female']","[nan, 'Female', nan]"
Une ontologie pour la conception d'une plateforme collaborative exploitant une table multi-tactile et multi-modale.,"['Céline Joiron', 'Dominique Lenne', 'Frédéric Fürst', 'Gilles Kassel', 'Jean-Paul A. Barthès']","['Joiron', 'Lenne', 'Fürst', 'Kassel', 'A.']","['Celine', 'Dominique', 'Frederic', 'Gilles', 'Jean-Paul']","[1, 7, 2, 3, 5]","['2013', '2013', '2013', '2013', '2013']","['Female', 'Male', 'Male', 'Male', 'Male']","['Female', nan, nan, nan, nan]"
Une ontologie pour la formalisation et la visualisation des connaissances scientifiques.,['Gilles Falquet'],['Falquet'],['Gilles'],[2],['2018'],['Male'],[nan]
Une plate-forme visuelle pour une information comparative sur les nouveaux médicaments.,"['Adrien Ugon', 'Alain Venot', 'Catherine Duclos', 'Hélène Berthelot']","['Ugon', 'Venot', 'Duclos', 'Berthelot']","['Adrien', 'Alain', 'Catherine', 'Helene']","[2, 4, 3, 6]","['2017', '2017', '2017', '2017']","['Male', 'Male', 'Female', 'Female']","[nan, nan, nan, nan]"
Une plateforme de développement d'espaces webs sémantiques communautaires dédiés au partage de ressources multimédia.,['Francky Trichet'],['Trichet'],['Francky'],[1],['2007'],['Male'],['Male']
Utilisation d'ontologies pour la quête de vérité : une étude expérimentale.,"['Isabelle Mougenot', 'Sylvie Ranwez', 'Sébastien Harispe', 'Valentina Beretta']","['Mougenot', 'Ranwez', 'Harispe', 'Beretta']","['Isabelle', 'Sylvie', 'Sebastien', 'Valentina']","[4, 3, 2, 1]","['2016', '2016', '2016', '2016']","['Female', 'Female', 'Male', 'Female']","[nan, nan, nan, 'Female']"
Utilisation d'un outil de recherche d'information pour la mise en correspondance de thesaurus.,"['Juliette Dibie-Barthélemy', 'Laurie Planes', 'Liliana Ibanescu', 'Nicolas Guinet', 'Stéphane Dervaux']","['Dibie-Barthélemy', 'Planes', 'Ibanescu', 'Guinet', 'Dervaux']","['Juliette', 'Laurie', 'Liliana', 'Nicolas', 'Stephane']","[3, 1, 5, 4, 2]","['2013', '2013', '2013', '2013', '2013']","['Female', 'Female', 'Female', 'Male', 'Male']","[nan, 'Female', nan, nan, nan]"
Utilisation de proximités sémantiques pour améliorer la recherche et le rendu d'information.,"['Michel Crampes', 'Sylvie Ranwez', 'Vincent Ranwez']","['Crampes', 'Ranwez', 'Ranwez']","['Michel', 'Sylvie', 'Vincent']","[5, 1, 2]","['2010', '2010', '2010']","['Male', 'Female', 'Male']","[nan, 'Female', nan]"
Validation de la sémantique d'un langage iconique médical à l'aide d'une ontologie : méthodes et applications.,"['Alain Venot', 'Catherine Duclos', 'Lina Fatima Soualmia']","['Venot', 'Duclos', 'Fatima']","['Alain', 'Catherine', 'Lina']","[3, 4, 2]","['2014', '2014', '2014']","['Male', 'Female', 'Female']","[nan, nan, nan]"
Validation de la sémantique d'un modèle semi-formel de connaissances avec OntoCASE.,"['Gilbert Paquette', 'Michel Héon']","['Paquette', 'Héon']","['Gilbert', 'Michel']","[3, 1]","['2010', '2010']","['Male', 'Male']","[nan, 'Male']"
Vers des recommandations plus personnalisées dans les folksonomies.,"['Engelbert Mephu Nguifo', 'Mohamed Nader Jelassi', 'Sadok Ben Yahia']","['Mephu', 'Nader', 'Ben']","['Engelbert', 'Mohamed', 'Sadok']","[3, 1, 2]","['2014', '2014', '2014']","['Male', 'Male', 'Male']","[nan, 'Male', nan]"
Vers un processus continu d'extraction de connaissances à partir de textes.,['Yannick Toussaint'],['Toussaint'],['Yannick'],[2],['2013'],['Male'],[nan]
Vers un système de taguage iconique basé sur Hypertopic.,['Jean-Pierre Cahier'],['Cahier'],['Jean-Pierre'],[2],['2012'],['Male'],[nan]
Vers une Ingénierie des Connaissances Personnelles - Étude de cas pour l'organisation des collections musicales.,"['Nicolas Greffard', 'Pascale Kuntz', 'Éric Languénou']","['Greffard', 'Kuntz', 'Languénou']","['Nicolas', 'Pascale', 'Eric']","[1, 2, 3]","['2016', '2016', '2016']","['Male', 'Female', 'Male']","['Male', nan, nan]"
Vers une approche pour la reformulation automatique de requêtes à partir d'alignements complexes.,"['Fabien Amarger', 'Nathalie Hernandez', 'Ollivier Haemmerlé']","['Amarger', 'Hernandez', 'Haemmerlé']","['Fabien', 'Nathalie', 'Ollivier']","[2, 4, 3]","['2016', '2016', '2016']","['Male', 'Female', 'Male']","[nan, nan, nan]"
Vers une cartographie participative basée sur la communication transversale des acteurs dans les situations de crise.,"['Jean-Pierre Cahier', 'Nada Matta']","['Cahier', 'Matta']","['Jean-Pierre', 'Nada']","[2, 3]","['2014', '2014']","['Male', 'Female']","[nan, nan]"
Vers une classification des similarités basées sur le contenu informationnel des concepts d'une hiérarchie de subsomption.,"['Emmanuel Blanchard', 'Mounira Harzallah', 'Pascale Kuntz-Cosperec']","['Blanchard', 'Harzallah', 'Kuntz-Cosperec']","['Emmanuel', 'Mounira', 'Pascale']","[1, 2, 3]","['2007', '2007', '2007']","['Male', 'Female', 'Female']","['Male', nan, nan]"
Vers une meilleure interopérabilité des données géographiques françaises sur le Web de données.,['Raphaël Troncy'],['Troncy'],['Raphael'],[2],['2012'],['Male'],[nan]
Vers une modélisation des tâches pour l'assistance à la navigation et la reconception de sites Web.,"['Benoît Encelle', 'Karim Sehaba']","['Encelle', 'Sehaba']","['Benoit', 'Karim']","[1, 2]","['2018', '2018']","['Male', 'Male']","['Male', nan]"
Vers une ontologie des processus de propagation des maladies infectieuses.,"['Moussa Lo', 'Rim Djedidi', 'Sylvie Desprès']","['Lo', 'Djedidi', 'Desprès']","['Moussa', 'Rim', 'Sylvie']","[4, 3, 2]","['2012', '2012', '2012']","['Male', 'UKN', 'Female']","[nan, nan, nan]"
Vers une ontologie formelle des artefacts.,['Gilles Kassel'],['Kassel'],['Gilles'],[1],['2009'],['Male'],['Male']
Vers une ontologie pour les communautés de développement de logiciel libre.,['Isabelle Mirbel'],['Mirbel'],['Isabelle'],[1],['2008'],['Female'],['Female']
Vers une personnalisation de la navigation par l'apprentissage de profils utilisateurs.,"['Khaled Khelif', 'Rose Dieng-Kuntz', 'Yassine Mrabet']","['Khelif', 'Dieng-Kuntz', 'Mrabet']","['Khaled', 'Rose', 'Yassine']","[1, 3, 2]","['2008', '2008', '2008']","['Female', 'Female', 'Male']","['Female', nan, nan]"
Vers une recommandation personnalisée de ressources pour l'apprentissage en ligne.,"['Inès Saad', 'Sarra Bouzayane']","['Saad', 'Bouzayane']","['Ines', 'Sarra']","[2, 1]","['2018', '2018']","['Female', 'Female']","[nan, 'Female']"
Vers une représentation de situations de crise gérées par le SAMU.,"['Alain Hugerot', 'Mohamed Sediri', 'Nada Matta', 'Sophie Loriette']","['Hugerot', 'Sediri', 'Matta', 'Loriette']","['Alain', 'Mohamed', 'Nada', 'Sophie']","[4, 1, 2, 3]","['2012', '2012', '2012', '2012']","['Male', 'Male', 'Female', 'Female']","[nan, 'Male', nan, nan]"
VigiTermes : une plateforme de recherche et d'analyse des publications scientifiques au service de la pharmacovigilance.,"['Agnès Lillo-Le Louët', 'Anne Jamet', 'Denis Delamarre', 'Florence Amardeilh', 'Sylvie Guillemin-Lanne']","['Lillo-Le', 'Jamet', 'Delamarre', 'Amardeilh', 'Guillemin-Lanne']","['Agnes', 'Anne', 'Denis', 'Florence', 'Sylvie']","[6, 5, 3, 2, 4]","['2010', '2010', '2010', '2010', '2010']","['Female', 'Female', 'Male', 'Female', 'Female']","[nan, nan, nan, nan, nan]"
Visualisation interactive de trajectoires de patients.,"['Arnaud Sallaberry', 'Jérôme Azé', 'Paul Landais', 'Sandra Bringay']","['Sallaberry', 'Azé', 'Landais', 'Bringay']","['Arnaud', 'Jerome', 'Paul', 'Sandra']","[6, 3, 5, 4]","['2015', '2015', '2015', '2015']","['Male', 'Male', 'Male', 'Female']","[nan, nan, nan, nan]"
Web de données agricole : transformation de sources pour une ontologie modulaire.,"['Catherine Roussey', 'Fabien Amarger', 'Jean-Pierre Chanet', 'Nathalie Hernandez', 'Ollivier Haemmerlé']","['Roussey', 'Amarger', 'Chanet', 'Hernandez', 'Haemmerlé']","['Catherine', 'Fabien', 'Jean-Pierre', 'Nathalie', 'Ollivier']","[2, 1, 3, 5, 4]","['2013', '2013', '2013', '2013', '2013']","['Female', 'Male', 'Male', 'Female', 'Male']","[nan, 'Male', nan, nan, nan]"
Wiki et Web Sémantique.,"['Fabien L. Gandon', 'Guillaume Erétéo', 'Michel Buffa']","['L.', 'Erétéo', 'Buffa']","['Fabien', 'Guillaume', 'Michel']","[3, 2, 1]","['2007', '2007', '2007']","['Male', 'Male', 'Male']","[nan, nan, 'Male']"
aLDEAS : un langage de définition de systèmes d'assistance épiphytes.,"['Marie Lefèvre', 'Pierre-Antoine Champin']","['Lefèvre', 'Champin']","['Marie', 'Pierre-Antoine']","[4, 3]","['2014', '2014']","['Female', 'Male']","[nan, nan]"
oogo : Ontologie des Outils utiles à la Gestion d'Ontologies.,['Sylvie Desprès'],['Desprès'],['Sylvie'],[1],['2018'],['Female'],['Female']
« Quand rédiger c'est décrire ». Mise en forme matérielle des textes et construction d'ontologies à partir de textes.,"['Bernard Rothenburger', 'Mouna Kamel', 'Mustapha Mojahid']","['Rothenburger', 'Kamel', 'Mojahid']","['Bernard', 'Mouna', 'Mustapha']","[3, 1, 2]","['2012', '2012', '2012']","['Male', 'Female', 'Male']","[nan, 'Female', nan]"
Étude de Modèles à base de réseaux Bayésiens pour l'aide au diagnostic de tumeurs cérébrales.,"['Karim Kalti', 'Mohamed Ali Mahjoub']","['Kalti', 'Ali']","['Karim', 'Mohamed']","[2, 3]","['2012', '2012']","['Male', 'Male']","[nan, nan]"
Étude du profil utilisateur pour la recommandation dans les folksonomies.,"['Engelbert Mephu Nguifo', 'Mohamed Nader Jelassi', 'Sadok Ben Yahia']","['Mephu', 'Nader', 'Ben']","['Engelbert', 'Mohamed', 'Sadok']","[3, 1, 2]","['2016', '2016', '2016']","['Male', 'Male', 'Male']","[nan, 'Male', nan]"
Évaluation de classes sémantiques pour la construction d'ontologies.,"['Adeline Nazarenko', 'Sarra Ben Abbès']","['Nazarenko', 'Ben']","['Adeline', 'Sarra']","[3, 1]","['2010', '2010']","['Female', 'Female']","[nan, 'Female']"
